company_name,predicted_class
"1701 PRODUCTIONS, INC",997
"1701 DEXTER LL",995
"1700480 ONTARIO IN",993
"1700 WEST 41ST STREET LL",992
"1700 N. WHIPPLE ACQUISITION LL",991
"17&1 ENTERPRISE",990
"17 TRENT DRIVE LL",988
"17 DECATUR STREET PROPERTY, LL",986
"16TH & CENTRAL, LL",985
"167TH STREET MAZAL LL",981
"166 VALLEY STREET, LL",979
"1650 NORTH PECOS ROAD, LL",974
"165 TOWNSHIP LINE, L.P",973
"1646 33RD STREET, LLL",972
"1633 BAYSHORE ASSOCIATES LL",971
"1630 COURT REALTY, L",969
"163 ST. NICHOLAS ASSOCIATES LL",968
"1628 B STREET, LL",966
"1626 NEW YORK ASSOCIATES LTD PARTNERSHI",965
"1660 UNIVERSITY, LL",980
"1623244 ALBERTA UL",964
"1620 WORKWEAR, INC",961
"1620 HEWITT LENDERS, LL",960
"1607 CAPITAL TAX ADVANTAGED FUND L",955
"1607 CAPITAL GLOBAL EX US FUND, L",952
"1607 CAPITAL BOND FUND L",950
"1601 W CAMELBACK RD, LL",948
"1601 STATE STREET HOTEL INVESTORS, L.P",947
"1600624 ONTARIO INC",945
"1600 BARBERRY LANE LL",941
"160 FEDERAL STREET REIT LL",938
"160 EAST 22ND TERMINAL LL",937
"16 POINTS LL",936
"16 PINS, INC",935
"16 MILE SOLUTIONS, LL",934
"15TH STREET LOFTS L",931
"1595 POST EQUITIES LL",929
"15900 SPACE, L",927
"159 FUND, LL",925
"158-159-161 STREET, LL",923
"157 HUDSON LL",920
"156775 CANADA INC",919
"1567 MEDIA LL",918
"156 PARTNERS, LL",916
"155 PASSAIC TEI INVESTORS LL",913
"155 EAST TROPICANA FINANCE CORP",911
"1547 CSR- CHICAGO LL",910
"1540 - 1574 BOSTON ROAD PARTNERS, LL",909
"154 WEST AVIATION ENTERPRISES, INC",908
"17 WEST MININ",989
"1538 WAZEE STREET LL",905
"153 W ROSECRANS AVENUE STORAGE LL",903
"153 HEMINGWAY INVESTMENTS LL",902
"152 LUDLOW LL",900
"1517 FUND I, L.P",899
"1517 FUND I SIDECAR L",898
"1515 WEST STATE STREET BOISE, IDAHO, LL",896
"1515 LOCUST STREET L",895
"1554 MARKET STREET FUND, L",915
"151 VFW PARKWAY LL",889
"151 WILLIAM RELATY LL",891
"1500 WEST ELIZABETH COR",882
"1500 REAGAN HILL LL",880
"1500 GARDEN ST. LL",879
"150 OFFICE DEVELOPMENT, LL",877
"150 FAYETTEVILLE PARTNERS, LL",875
"153RD ST INVESTORS LL",907
"15 THE FACTOR/ALPHA TAMMY, LL",872
"15 PAYNTER/MORE OATS PLEASE, LL",867
"15 PAYNTER/DIXIES HOPE, LL",866
"15 MUNNINGS/BLISS, LL",863
"15 MORNING LINE/HOMECOMING DANCE, LL",862
"15 MORNING LINE/ANGEL TRUMPET, LL",861
"15 MONTGOMERY WAY, LL",860
"15 JIMMY CREED/SLICED BREAD, LL",857
"15 GRAYDAR/VERONICAS LAKE, LL",856
"15 FIELD COMMISSION/IMPERIAL BLUE, LL",852
"15 ELUSIVE QUALITY/MY SPECIAL SECRET, LL",851
"15 CREATIVE CAUSE/BARBY SUE, LL",849
"15 ANIMAL KINGDOM/CIAO, LL",846
"15 ANIMAL KINGDOM-GOLDEN MEAN, LL",845
"14WBELLA LL",843
"14TH & EUCLID, LL",842
"1499 MASSACHUSETTS AVENUE IN",841
"1492 CAPITAL MANAGEMENT LL",839
"1492 ACQUISITION LL",838
"1585 STUDIOS, L",924
"14896 E 38TH AVENUE, LL",837
"1476448 ONTARI",835
"1466 ROCKCUT ROAD, LL",831
"145TH 275, LL",829
"14575 INNOVATION DRIVE LIMITED PARTNERSHI",828
"14555 SCOTTSDALE ROAD, L",827
"1450 WASHINGTON LL",825
"155 EAST TROPICANA, LL",912
"144A FUND L",821
"1447 11TH LP, A CALIFORNIA LIMITED PARTNERSHI",818
"1443 CHAPIN STREET, L",817
"1441163 ALBERTA LTD",816
"1430 PETTYGROVE MANAGER LL",812
"142ND STREET PANATTONI IN",810
"1426835 ONTARIO IN",809
"1421 RICHARDSON STREET LL",808
"1420525 ALBERTA LTD",807
"142 WEST 36TH STREET REIT IN",805
"141ST STREET INVESTMENT GROUP LL",804
"1418 ADAMS ST., LL",803
"14159, L.P",802
"14159 CAPITAL (GP, LL",801
"1415 INVESTORS LL",799
"1515 BROADWAY REALTY COR",894
"1415 GLYNN LL",798
"1412 BROADWAY HOLDINGS, LL",796
"151 W. ERIE, LL",890
"1501-1515 REIT, LL",884
"15 UNCLE MO/PATSYS KIM, LL",873
"14100 INVESTORS 2008 LL",792
"1410 ABBOT KINNEY LL",790
"141 TRADING GROUP LL",789
"141 S. MERIDIAN, L",788
"141 CAPITAL, INC",787
"1407 W SHADY GROVE RD LL",785
"1401 REIT, LL",783
"1655 N FORT MYER LL",976
"1401 MORRISON, L",782
"1401 K INVESTORS LL",781
"1401 HOLCOMB LL",780
"15 MALIBU MOON/INDIAN BREEZE, LL",859
"1401 CALLOWAY, LL",779
"1700LACY, LL",994
"1400 REIT, LL",778
"1600 PREFERRED LL",943
"1400 EYE INVESTORS LL",776
"140.32 LL",774
"140 EAST HARTSDALE LL",773
"140 BW LL",771
"14-22 KEEWAYDIN DRIVE, LL",770
"14 SUPER SAVER/HARLAN SHOWGIRL, LL",765
"14 SUPER SAVER/ARTA B TAPPIN, LL",764
"1538764 ALBERTA LTD",906
"14 SOARING EMPIRE/D' COUNTRY, LL",763
"14 SMART STRIKE/IN THE SLIPS, LL",762
"14 INTO MISCHIEF/RISEN MISS, LL",757
"14 HANSEN/AIRIZON, LL",756
"14 GONE ASTRAY/SASSY HARPER, LL",755
"14 GEMOLOGIST/SHIMMERING TALE, LL",753
"14 FIRST SAMURAI/SCHOLASTIC, LL",751
"14 FIRST SAMURAI/GERENT, LL",749
"14 ELUSIVE QUALITY/HOLY PRINCESS, LL",748
"14 BODEMEISTER/SMARTY DEB, LL",744
"14 BODEMEISTER/ABOVE PERFECTION, LL",743
"14 BERNARDINI/FIRST PASSAGE, LL",742
"15 LEMON DROP KID/DOE, LL",858
"14 ARCH/BUY THE BARREL, LL",739
"14 AMERICAN LION/ESCONCE, LL",738
"13D MANAGEMENT LL",736
"13A COMMERCIAL MORTGAGE SECURITIES FUND IN",735
"13922 CERISE AVENUE, LL",734
"14 WALNUT LL",768
"139-09 34TH ROAD, INC",733
"139-06, 139-08 34TH ROAD, INC",732
"1384 FIRST REALTY LL",731
"13725 CAMBURY DRIVE, L",729
"1370 FUND - USRA NET LEASE II, LL",727
"1370 BROADWAY REIT LL",726
"137 VENTURES, L",725
"14 WILBURN/MIDNIGHT DELIGHT, LL",769
"137 VENTURES II, L",723
"137 HOLDINGS VII, LL",722
"1475 NORTH GRANITE REEF ROAD LL",833
"137 HOLDINGS VI, LL",721
"137 HOLDINGS V, LL",720
"137 HOLDINGS SOC, LL",719
"137 HOLDINGS M, LL",718
"137 HOLDINGS IV, LL",717
"137 HOLDINGS III, LL",715
"137 HOLDINGS II, LL",714
"137 HOLDINGS AC, LL",711
"137 CAT ROCK ROAD ASSOCIATES LL",708
"1060 CAPITAL MANAGEMENT, LL",332
"06 FLATTER/BE A QUIET HONEY LL",46
"101 MAIN STREET LIMITED LIABILITY C",286
"106 & 108 CHARLES STREET LL",331
"1059778 ALBERTA LT",330
"111 SEVENTH LL",434
"1050 PAGE MILL ROAD REIT, LL",326
"1607 CAPITAL PARTNERS, LL",954
"11 FLOWER ALLEY/LISIEUX, LL",384
"112 CPS HOLDINGS LL",453
"128 CAPITAL PARTNERS L",610
"1033 SOUTH BASCOM, LL",318
"100 WEST C STREET INVESTORS, LL",256
"103-110 CORPORATE PARK DRIVE LL",314
"1025 VERMONT INVESTORS LL",310
"14 DESERT PARTY/RUNAWAY TIGER, LL",747
"1001 G STREET REHABILITAITON, L",269
"100 WALL ENERGY PARTNERS L ",253
"1132 19TH STREET, LL",461
"137 AFFILIATES III, L",705
"1020 DIGITAL, LL",309
"1601 GARTH ROAD, L",946
"102 TECHNOLOGY LL",307
"101ST & ROOSEVELT LL",306
"110 MEDIA GROUP, INC",411
"1015 FINANCIAL ASSOCIATES LL",302
"1011773 B.C. UNLIMITED LIABILITY C",300
"101105607 SASKATCHEWAN LT",299
"101 WEST 126TH STREET LL",291
"110-112 THIRD AVE. GC LL",413
"1370 INVESTOR LL",728
"101 WINNERS CIRCLE ASSOCIATES, L.P",292
"101 PARKSHORE INVESTORS I LL",287
"101 HUNTINGTON HOLDINGS LL",285
"024 PHARMA, INC",15
"1010DATA, INC",296
"101 CONSTITUTION TRUS",281
"145 AMERICAS LL",823
"1000 OAKS C",263
"100INSIGHTS, IN",279
"12 BROKEN VOW/FAIR & SQUARE, LL",499
"05 AFWAIN COURITY KATHY LL",19
"1105 MEDIA HOLDINGS LL",424
"1629 COLUMBIA ROAD (DC), LL",967
"1005 INVESTORS LL",274
"1-800-PACK-RAT LL",198
"1003652 CANADA INC",273
"06 ROARING FEVER/REPAST LL",57
"1001 WAYS PRODUCTIONS LL",272
"06 TETON FOREST PRINCESS SEQUOIA LL",64
"10 FOOTSTEPSINTHESAND/HAUTE VOLTA, LL",214
"09 PURE PRIZE/YES IT'S ROYALTY, LL",150
"07 QUESTRESS LL",86
"08 UNBRIDLED ENERGY/TWILIGHT LEAGUE, LL",127
"15 FRIESAN FIRE/DUCK THE PUNCH, LL",853
"1010 EAST WASH, LL",294
"06 PURE PRIZE GLORIAS GOLD LL",55
"1019 FIFTH STREET LIMITED PARTNERSHI",305
"1000CHANNEL REAL ESTATE OPPORTUNITIES FEEDER FUND, LTD",266
"156 WILLIAM STREET REIT LL",917
"1101 CVR LL",418
"10000 LAMAR LL",265
"1000 NORTH ARIZOLA ROAD, LL",262
"16 LOTS BREWING COMPANY, LL",933
"10 LAWYER RON/JOSTLE, LL",217
"1000 MAIN REIT, LL",259
"08 EL CORREDOR/AMANDAS BANDIT, LL",106
"100 RIO GRANDE LL",251
"100 MILL PLAIN INVESTORS LL",249
"1-800 ALL PARTS HOLDINGS, INC",191
"100 MILE FUND LL",248
"137 AFFILIATES, L",706
"1031 BRIDGE, LL",315
"10/120 SOUTH RIVERSIDE ILLINOIS BUSINESS TRUS",242
"06 DATTTSDAWAYILIKEIT LL",41
"105-115 GREENPOINT AVENUE LL",324
"10-4 COR",241
"07 MORE THAN READY/GERA LL",80
"137 E. FRANKLIN, L",709
"121 EAST MAIN ST IN",553
"11900 HARLAN ROAD LL",489
"1400 APT VENTURE, LL",775
"10 WEST CAPITAL GROWTH FUND L",235
"12 SQUARED PARTNERS LL",523
"10 TALENT CAPITAL, L",230
"1575 TREMONT INVESTORS LL",922
"05 EL CORREDOR/ONE BAD CAT LL",22
"13 CAPE BLANCO/MATTIEANDMORGAN, LL",638
"10 SKY MESA/FLYING AFLEET, LL",227
"09 STORMY ATLANTIC/LASSO THE MOON, LL",155
"13 GIANT OAK/MAGIC SHAW, LL",652
"10 SHIROCCO/NOVELINA, LL",226
"100 WEST 93RD STREET INVESTORS L",255
"161 STREET & RIVER LL",957
"1101K, INC",422
"10 TALE OF THE CAT/I'M BEGUILED AGAIN, LL",229
"10 PURE PRIZE/GATHERINDY, LL",224
"14 TIZWAY/BULLVILLE BELLE, LL",767
"1115638 ALBERTA LT",447
"10 PERIMETER INVESTORS LL",223
"101 EDU, INC",284
"1127 CAPITAL LL",458
"13 FIRST DUDE/SIMMERETTE, LL",651
"15 ANGELS LL",844
"10 MALIBU MOON/BANDSTAND, LL",220
"10 LEMON DROP KID/MEADOW VISTA, LL",218
"1329507 ONTARIO IN",684
"10 FC LL",212
"07 ROCK HARD TEN/GEMILLI, LL",87
"1061 WEST OAKLAND LL",338
"10 CONGRATS/PONDERWAY, LL",207
"121 WEST MAIN STREET LL",557
"10 CIRCULAR QUAY/CHISPISKI, LL",206
"1060 CAPITAL OPPORTUNITY FUND, L",333
"1/2 MAC LT",204
"1-900 JACKPOT, INC",202
"11 HIGH COTTON/BREAKING STORM, LL",388
"10 JAY PEG/HAPPY JEAN, LL",216
"1-800-JACKPOT IN",197
"1621-15 INVESTMENTS LL",963
"08 GIANT'S CAUSEWAY/SMOKE'N FROLIC, LL",112
"1-800 MUTUAL FUNDS IN",194
"100 COURT INVESTORS LLC TIG-1 LL",245
"09 FLASHY BULL/DESERT SUNRISE, LL",140
"123SIGNUP ASSOCIATION MANAGEMENT SOLUTIONS IN",587
"1-800 IDEAS COM IN",193
"1311 WEST BROAD STREET LL",675
"1-800-DOCTORS, INC",196
"112 PG PARTNERS, LL",454
"1-10/KATY LT",190
"1 WT TESORO COR",188
"140 DEARBORN LL",772
"102-43 CORONA AVENUE, INC",308
"12600 MULHOLLAND DR LL",603
"1 VOICE FILMS FOR THE GLORY, LL",186
"1551533 ONTARIO LT",914
"09 LATENT HEAT/KNOTTY ASH, LL",144
"1600 GREEN STREET L ",942
"1 SOLUTION COR",182
"1 NORTH EQUITY HEALTHCARE LONG/SHORT FUND LL",179
"1016 1ST AVE SOUTH L ",304
"1 LOVEJOY WHARF BOSTON REALTY, LL",178
"1 FINANCIAL MARKETPLACE SECURITIES, LL",174
"10-20 CHANNEL CENTER REI",238
"08 DEHERE/SWEEPING BEAUTY, LL",105
"10400 INNOVATION LL",321
"1 ANSWER SOLUTIONS IN",169
"1 800 RADIATOR FRANCHISE IN",168
"08 MALIBU MOON/ASTICKYPROPOSITION, LL",120
"1111 THIRD REI",443
"100 CONGRESS REIT, LL",244
"!J IN",0
"0792725 B.C. LT",99
"1201 BALSAM LL",543
"1 WORLD LAUNDRY HOLDINGS, LL",187
"15 BROKEN VOW/GIVE MY REGARDS, LL",847
"14649 SATICOY PARTNERS L",830
"12 UTOPIA/TOUCHMEIFYOUCAN, LL",527
"12VE DEGREES COR",634
"07 FOREST DANGER/STARSHIP SENSATION, LL",76
"06 WEST ACRE CLASSIC BEAUTY LL",66
"08 SMOKE GLACKEN/MINADO, LL",125
"1000 MARY LL",261
"1 4 SURGICAL SERVICES LL",160
"0916753 B.C. UL",158
"151 FRANKLIN STREET REIT LL",886
"06 SILVER DEPUTY BELOVED LL",61
"14 JERSEY TOWN/SHY CONTESSA, LL",758
"07 TAPIT/GRANUAILE, LL",93
"06 ROCK SLIDE/IN GLOWING COLORS LL",58
"05 FREUD/LAVISH NUMBERS LL",23
"06 READ THE FOOTNOTES/RE RE BE BE LL",56
"150 BROADWAY LL",874
"12TH & MARION CROSSING, LL",626
"07 EXCHANGE RATE/STAR ONE ONE LL",73
"09 AWESOME AGAIN/BLIND CANYON, LL",133
"06 INDIAN CHARLIE RISING TIDE LL",49
"1438 WEST PEACHTREE PARTNERS, LL",813
"12 COLONEL JOHN/DOCS DESTINY, LL",504
"08 AD VALOREM/QUEENLINESS, LL",100
"12 WEST CAPITAL FUND LTD",530
"1516-18 N. 15TH STREET, L",897
"1-PAGE LT",203
"06 FOREST CAMP/HOPES DIAMOND LL",47
"06 TAPIT LOOKING FOR A STAR LL",63
"13011 WIRE RD, L",670
"100E LT",276
"10 UTOPIA/DANCIN ON BROADWAY, LL",232
"07 FOREST CAMP/VICTORY TRICK, LL",75
"13 COURT VISION/SECRET OF MECCA, LL",646
"1650 SUNFLOWER LL",975
"1411 K HOLDINGS LL",794
"1000 1ST AVENUE SOUTH L",257
"08 INDIAN CHARLIE/GREELEY MAE, LL",115
"1127 CAPITAL OFFSHORE FUND LT",459
"06 WESTS SECRET LL",67
"09 FLASHY BULL/LAELIA, LL",142
"05 STORM CAT COUNTRY ROMANCE LL",33
"11 TAPIT/FREE THE MAGIC, LL",402
"15 STAY THIRSTY/WATRUGONNADOROSIE, LL",871
".CLUB DOMAINS, LL",11
"07 SKY MESA/CITIVIEW, LL",90
"15 SEA STREET, INC",869
"10TALENTS PRIVATE FUND I, L.P",366
"100 W. EXCHANGE AVE. IN",252
"1514768 ALBERTA LTD",893
"1-800-PACK-RAT, LL",199
"1609 FUND LTD",956
"(Y.Z) QUEENCO LTD",10
"06 BROKEN VOW/E1'S RED CAT LL",39
"13TH & CENTRAL LL",737
"1-800 WINESHOP COM IN",195
"16000 COMMON LL",944
"09 SILVER TRAIN/ALOTOFAPPEAL, LL",154
"100MILATBOX, LL",280
"1 DB FINANCIAL, INC",172
"06 BOWMANS BAND/GRACEFUL PROSPECT LL",38
"150 MCCLELLAN HIGHWAY LL",876
"09 CITY ZIP/CAPOTE'S TUNE, LL",135
"05 SMOKE GLACKEN/ADDED TIME LL",32
"1 PINE POINT LL",180
"11 VANDERBILT ROASTERY LL",406
"08 INDIAN CHARLIE/KING'S FANCY, LL",116
"12811 CHAMPIONS VILLAGE APARTMENTS, LLC",616
"07 DIXIE UNION/MAIDEN VOYAGE, LL",72
"112 CHESTNUT OAKS LL",452
"05JV3 PROGRA",36
"06 MALIBU MOON/NATIONAL PASTIME LL",51
"101 WYCKOFF LL",293
"012 SMILE.COMMUNICATIONS LT",12
"1 JOINT VENTUR",176
"#1 A LIFESAFER HOLDINGS, INC",1
"13 LUCKY PULPIT-LASTING BEAUTY, LL",656
"1132284 ALBERTA LT",462
"06 LION HEART MOMENTS DELIGHT LL",50
"08 EL CORREDOR/DANCING PRISM, LL",107
"10 FLATTER/OUR MAGIC CAT, LL",213
"1274152 ONTARIO IN",609
"09 HALF OURS/DIXIE LYRICS, LL",143
"13 MAKFI/AURORE, LL",657
"1520 W 13TH AVENUE LL",901
"& S MEDIA GROUP LL",5
"138 SCRAP IN",730
"10 VALUE PLUS/HOW 'BOUT NO, LL",233
"1448 NAPERVILLE-WHEATON AM, LL",820
"10TH & BROADWAY LL",368
"1369904 ONTARIO, INC",703
"1188 BROADWAY LL",486
"1001 STEPS FUNDS L",271
"(OURCROWD INVESTMENT IN MST) L.P",9
"104 W ANAPAMU PARTNERS L ",320
"09 ROCK HARD TEN/BARBARA 0RR, LL",152
"103RD STREET INVESTORS LL",319
"10 SHARP HUMOR/SNOW COUNTY HONEY, LL",225
"114 SYSTEMS IN",466
"10 PERCENT FEE, LL",222
"10SHEET SERVICES, INC",364
"1500 VENTURE LL",881
"02 MEDTECH IN",13
"10 VAR/ROLLICKING ROMP, LL",234
"100 FEDERAL SUBSIDIARY REIT LL",246
"1218 HAVEMEYER AVENUE, LL",567
"13 ARCH/REBUKE, LL",636
"1349 HORIZON RIDGE, L",696
"125 PALMER APARTMENT",593
"1001 BANNOCK ST., LL",268
"11 LEMON DROP KID/MOONLIGHT CRUISE, LL",392
"1150 N VENTURA L",472
"11900 EAST ARTESIA BOULEVARD, LL",488
"130 S. FRONT ST., L.P",667
"1050 LONGMORE APARTMENTS, LLL",325
"05 TRIPPI/PROLOGUE LL",34
"15 SHANGHAI BOBBY/SEA LAUNCH, LL",870
"10 DIXIE UNION/ACANTHUS, LL",209
"100 MAPLE LL",247
"10 EDDINGTON/GOTTAH PENNY, LL",210
"1411 BROADWAY REI",793
"1 LANE TECHNOLOGIES COR",177
"10836 CAMINITO ARCADA LL",346
"118 INVESTORS LL",481
"1212707 ALBERTA LTD",563
"05 TWO PUNCH/SOMETHING LIGHT LL",35
"100HEALTH, INC",278
"11 TAPIT/PUNCH APPEAL, LL",403
"07 CASTLEDALE/MARY CAROLYN, LL",69
"06 TIGER RIDGE/EM BARBIE DOLL LL",65
"02DIESEL COR",16
"10X CAPITAL MANAGEMENT, LL",371
"13 ESKENDEREYA/SAMBORA, LL",650
"100 PLAZA HOLDINGS, LL",250
"151 PROPRIETORS LL",887
"124 BIRCH LANE ASSOCIATES LL",588
"100 BOOK CHALLENGE C",243
"'OHANA LABS INC",8
"123 CAMINO CARMELITA LL",576
"05 INDIAN CHARLIE/HELLO KITTY KITTY LL",26
"101 SANCHEZ ASSOCIATES, LL",288
"143-45 SANFORD AVENUE, INC",811
"05 HOLD THAT TIGER TOJUR LL",25
"166 PRODUCTIONS LL",978
"1 4F SHENGSHI IN",161
"08 ORIENTATE/SONG'N DANCE, LL",123
"0210, LL",14
"1701 PEARLIE LL",996
"06 EL CORREDOR JUST GIN'N LL",44
"0893787 B.C. LTD",131
"#1 PAINTBALL COR",3
"11447 SECOND STREET LL",470
"08 SIR SHACKLETON/LADY LYRA, LL",124
"'MKTG, INC.",7
"10101 SW 14 MEMBER, LL",295
"06 ELUSIVE QUALITY LAVENDER LL",45
"1347 PROPERTY INSURANCE HOLDINGS, INC",695
"08 JOHAR/ZAWAAYA, LL",118
"08 MARGIE'S WILDCAT/A LOOSE KISSER, LL",121
"150 WFA LL",878
"1 SOUTH WACKER HOLDINGS, LL",183
"1 800 MUTUALS ADVISOR SERIE",165
"10 LION HEART/PROFESSORA, LL",219
"08 FLATTER/SLAMMIN' LIL, LL",111
"12 CONGRATS/BROADWAY GOLD, LL",505
"10575 WESPARK FPM L",329
"09 MACHO UNO/CHAMPAGNE COCKTAIL, LL",146
"05 KAFWAIN JOVIAL WINGS LL",27
"10 OUTDOOR ADVERTISING, INC",221
"05 GOLD CASE/JETAZELLE LL",24
"12/21 CAPITAL MANAGEMENT, L.P",533
"1366 TECHNOLOGIES IN",702
"#1 ARIZONA DISCOUNT PROPERTIES LL",2
"0890697 B.C. LTD",130
"128 MAIN STREET LL",612
"1631 NW THURMAN STREET, LL",970
"10488 CENTENNIAL ROAD LL",323
"1621 INVESTMENTS, LL",962
"$ LL",4
"1150 UNION INVESTORS, LL",473
"1226 VAIL LL",573
"0967761 BC, LTD",159
"1013 PROPERTIES, LL",301
"11 BLUEGRASS CAT/TRULY SPECTACULAR, LL",378
"137 HOLDINGS III, L",716
"05 DIXIE UNION/UNDER FIRE LL",21
"1060 CAPITAL, LL",335
"1031 OPERATIONS COR",317
"07 GRAEME HALL/VINES OF JUSTICE, LL",77
"09 LION HEART/SONG'N DANCE, LL",145
"12702 UNIVERSITY CLUB MEMBER LL",608
"1320 RESIDENCES, LL",679
"101 SHERIDAN APARTMENTS, LL",290
"05 MACHO UNO GO DONNA GO LL",29
"13 COINS ACQUISITION LL",640
"14 GHOSTZAPPER/WINTER FOREST, LL",754
"07 GRAND REWARD/ROSE CITY, LL",78
"168 AMERICA RICH, L.P",982
"15 NOBLE CAUSEWAY/MOMMAS EYES LL",864
"10 ANY GIVEN SATURDAY/BRIGHT IMAGE, LL",205
"07 MACHO UNO/VICTORIAN SILVER LL",79
"11 MADISON INVESTOR II LL",393
"10TH PRINCIPLE, LL",370
"1337 STREET FUND, L",687
"1501 FIRST AVENUE SOUTH L",883
"120 WATER AUDIT, LL",537
"07 NOT FOR LOVE/LADY TIARA, LL",81
"0787251 BC LT",98
"1 FINANCIAL MARKETPLACE SECURITIES LLC                  /B",173
"09 ROCKPORT HARBOR/MAMA'S CITY, LL",153
"11 TIZNOW/PAPA TO KINZIE, LL",405
"1 800 PATCHES IN",167
"15 GEMOLOGIST/RED MENACE, LL",854
"07 OFFLEE WILD/A LOOSE KISSER, LL",82
"12 MALIBU MOON/SHE SAYS IT BEST, LL",513
"07 OFFLEE WILD/PRIZE CONNECTION, LL",83
"121 FGP LL",554
"07 PICO CENTRAL/BROWN EYED MISS, LL",84
"1597257 ONTARIO INC",930
"12 SCAT DADDY/LAVENDER BABY, LL",520
"12 FOREFATHERS/CHARLIE'S MOONBEAM, LL",509
"1212 DEVELOPMENT COR",561
"07 SMARTY JONES/SUNRISE SLEW, LL",91
"07 CLOSING ARGUMENT/AUTUMN MUSIC LL",70
"07 PLEASANTLY PERFECT/GENERAL JEANNE, LL",85
"07 SEATTLE FITZ/WATCH THAT GIRL LL",88
"09 EMPIRE MAKER/ANGEL ARCH, LL",137
"0718806 BC, LT",94
"111 TRI-COUNTY PARTNERS, L",435
"103 WATSON FUND LL",313
"1111 PARKER STREET LL",440
"14 BELLAMY ROAD/ROCKFORD PEACH, LL",741
"0741693 B.C. LTD",95
"08 FIRST SAMURAI/SHOP AGAIN, LL",109
"15 GHOSTZAPPER/PENSION, LL",855
"11170 E 47TH LL",449
"12 WAR FRONT/REMEMBER THE KEG, LL",528
"0766284 B.C. LT",97
"07 CONSOLIDATOR/SUTTER SUTTER, LL",71
"08 MARIA'S MON/CANTAMAR, LL",122
"06 E DUBAI/TWICE FORBIDDEN LL",43
"1104 WESLEY AVENUE LL",423
"08 BOLD EXECUTIVE/ORCADIA, LL",102
"125 NORTH 18TH STREET, LL",592
"08 DA STOOPS/JATHIBIYAH, LL",104
"05 CAT THIEF/GOLD IN MY STARS LL",20
"12 WEST CAPITAL MANAGEMENT L",531
"08 EL CORREDOR/HOT GOLDEN JET, LL",108
"120 EAST 87TH STREET LL",535
"15TH STREET PARTNERS, LL",932
"1236 MEARNS COMMUNITIES L",584
"100 WALL INVESTMENTS LL",254
"08 FLATTER/GLAMORAMA, LL",110
"17 SPRING STREET ASSOCIATES LL",987
"08 CANDY RIDE/MISS PUZZLE, LL",103
"09 FLASHY BULL/CAROL'S AMORE, LL",139
"08 GRAND SLAM/FEMININE, LL",113
"1701 REIT, LL",998
"08 HOLY ROMAN EMPEROR/TING A GREELEY, LL",114
"1001 SOUTH STATE STREET HOLDINGS, LL",270
"09 ARCH/RUN WITH THE SPIRIT, LL",132
"08 INDIAN CHARLIE/SARATOGA CAT, LL",117
"1 CLASS COR",170
"13 STREET BOSS/SWEET SIERRA, LL",662
"1 800 AUTOTOW IN",162
"1 COMMUNITY BUILDERS, LL",171
"1 800 FLOWERS COM IN",164
"1699 CP PARTNERS, LL",984
"1000 MARKETS, INC",260
"110-112 THIRD AVE. REALTY CORP",414
"06 DIXIE UNION/GENERAL JEANNE LL",42
"12 MORE THAN READY/TWILIGHT SERVICE, LL",514
"0824239 B.C. LTD",128
"111 WEST MARSHALL STREET LL",436
"1000-1100 REIT, LL",264
"11619 EUCLID, LL",479
"1319 SOUTH CAPITOL INVESTORS, LL",678
"033 ASSET MANAGEMENT LLC ",18
"168 GROWTH FUND L",983
"101 DALMATIANS WORLDWIDE LL",283
"1008 UPPER GULPH ASSOCIATES L",275
"09 OFFLEE WILD FILLY LL",147
"15 DATA LINK/MALAYSIA, LL",850
"12TH AVE. LENDERS, LL",627
"144 MEDIA, LL",814
"10 FARNSWORTH PARTNERS, LL",211
"09 BELLAMY ROAD/FOREVER DIXIE, LL",134
"09 DYNAFORMER/MUST BE A LADY, LL",136
"1531 UTAH AVENUE SOUTH L",904
"1313366 ONTARIO IN",676
"11 FIRST SAMURAI/TRIP, LL",382
"09 EXCLUSIVE QUALITY/ON THE PODIUM, LL",138
"05 LIDO PALACEMADA MEADOWLAKE LL",28
"1321 MISSION SMARTSPACE LL",680
"0761717 B.C. LTD",96
"06 NOT FOR LOVE/NEAR & DEAR LL",52
"1420 EAST MADISON STREET LL",806
"13 CONGRATS/NIGHT EDITION, LL",644
"09 FLASHY BULL/DREAM CITY, LL",141
"1 USA V ACQUISITION COR",184
"12 LEROIDESANIMAUX/SILVER LISA, LL",512
"08 MACHO UNO/I ALREADY KNOW, LL",119
"09 PROUD CITIZEN/MARIALUA, LL",148
"12 READY'S IMAGE/MALABAR STAR, LL",517
"1031 CROWDFUNDING, LL",316
"&TV COMMUNICATIONS INC",6
"11601 AUDELIA ROAD, L",478
"09 PURE PRIZE/ABSOLUTELY LOVELY, LL",149
"09 PURIM/TOUCH ME ONCE, LL",151
"0901958 B.C. LTD",156
"1201 PARTNERS, LL",546
"135 WEST 30TH HOTEL PREFERRED INVESTORS LL",697
"10 UCP REIT, LL",231
"10600 WEST BELMONT REIT LL",336
"1201 F STREET LL",544
"1062316 ONTARIO LT",339
"1 800 CONTACTS IN",163
"1115650 ALBERTA LT",448
"12 BIRDSTONE/PEARLS, LL",498
"12 CAPITAL FUND SPC LT",501
"107 LAKE ST LL",340
"1209 CAPITAL PARTNERS, L",552
"12 FLASHY BULL/PLEASURE CAT, LL",508
"07 FOREST CAMP/QUIET SUMMERNIGHT, LL",74
"107TH AVE OLIVE DEV PARTNERS LL",342
"05 PHONE/TRICK/LIGHTBEAM LL",31
"12TH STREET FINANCIAL, LL",631
"1451 HUDSON LL",826
"10818 MIDWEST INDUSTRIAL LL",343
"12 SCAT DADDY/DREAM DATE DIVA, LL",519
"11 DISCREET CAT/PAST TWILIGHT, LL",380
"137 VENTURES III, L",724
"11601 AUDELIA DALLAS, L",477
"10 GROUP PLC/AD",215
"06 FRIENDS LAKE/PROFIT SYSTEM LL",48
"10820 GILROY LL",344
"1088 MEDVESTORS LL",347
"1089144 ALBERTA LT",348
"1411 MAIN STREET LL",795
"109 WEST MAIN ST IN",349
"1-800 ATTORNEY IN",192
"11850 EAST MAPLE MEMBER, LL",484
"1000MUSEUMS, INC",267
"109-05 120TH STREET, INC",350
"10911 LINDBROOK LL",351
"10975 E 47TH AVE LL",355
"130 CLINTON ST. PARTNERS LL",666
"120 LAUNDRY LL",536
"1337 STREET FUND (OFFSHORE), L",686
"12910 VILLA ESPADA PARTNERS LL",621
"10C TECHNOLOGIES IN",356
"1112 PARTNERS, LL",446
"1607 CAPITAL INTERNATIONAL EQUITY FUND L",953
"141 CAPITAL IN",786
"10CHARGE IN",357
"1400 HUDSON LL",777
"1309 N. HOYNE ACQUISITION LL",673
"10E53 REIT LL",358
"10FIFTY, LL",359
"1601 WEST DIVISION LL",949
"10-120 S. RIVERSIDE REI",236
"10GEN IN",360
"10K CAPITAL CONCENTRATED EQUITY FUND L ",361
"1060 CAPITAL OPPORTUNITY FUND, LT",334
"10K CAPITAL PARTNERS, L.P",362
"10K SMART TRUS",363
"1315 CAPITAL, L.P",677
"10TALES, INC",367
"06 CITY PLACE LIBRARIAN LL",40
"10X FUND L",372
"13 TRAPPE SHOT/CALL DA LAW, LL",665
"10X FUND, L.P",373
"1326 SOUTH MICHIGAN AVENUE (CHICAGO) HOLDINGS, LL",683
"10445 GREENS CROSSING, L",322
"10X TECHNOLOGIES, INC",375
"123 BAXTER OWNERS CO LL",575
"145 PARTNERS LL",824
"07 SEINNE GERANIUM LL",89
"11 A.P. WARRIOR/DIXIE SHEIHK, LL",377
"11 BORREGO/COUNTUS AFFAIR, LL",379
"11 EAST 1ST ST. LL",381
"06 SARAVA JUST GORGEOUS LL",59
"11 FLATTER/ADENA'S GIRL, LL",383
"1 RATE COM LL",181
"11 GOLDEN MISSILE/CLAY'S RUN, LL",385
"08 BADGE OF SILVER/WISE ENDING, LL",101
"11 GOOD ENERGY IN",386
"11 HARLAN'S HOLIDAY/DANCE TO DAWN, LL",387
"160 SPEAR CORE, L.L.C",939
"11 HIGH COTTON/KEIKIK, LL",389
"14 PARK PLACE, LL",760
"12 RETECH COR",518
"1109519 ONTARIO LT",429
"11 INDIAN CHARLIE/BELLE EXCEL, LL",390
"12 TALE OF EKATI/REBECCA'S SONG, LL",524
"11 KODIAK KOWBOY/BOOT SCOOT N RUN, LL",391
"11 MADISON INVESTOR LL",394
"14 PUT IT BACK/TAPITSDONTLIE, LL",761
"11 MASTER COMMAND/MOTHER, LL",395
"10833 NE EIGHTH STREET REIT LL",345
"12 WEST CAPITAL FUND L",529
"11 MIDNIGHT LUTE/CHILLING EFFECT, LL",396
"11 PENN TV, LL",398
"11 PYRO/TRES TRES JOLI, LL",400
"1211 & OLIVE REIT L",558
"11 TIZNOW/COYA, LL",404
"11-16 AZCF, LL",408
"1111 SUNSET BOULEVARD II, LL",441
"1595 PACIFIC AVENUE LIMITED PARTNERSHI",928
"11.2 CAPITAL I, L.P",409
"110-112 THIRD AVE. GC II LL",412
"10X10 ROOM LL",376
"1325 TENNIS DRIVE, L",682
"1475 WASHINGTON AVENUE ASSOCIATES, LL",834
"1100 CENTRAL LL",415
"1100 FIRST INC",416
"13 ICE BOX/SWEET BRANDY, LL",654
"1100591 ALBERTA LT",417
"1200 REIT, LL",542
"1410 PARTNERS LL",791
"14 ARCHARCHARCH/CATTY MATTY, LL",740
"1 ZONE LT",189
"1101 KNOXVILLE REALT",419
"114 5TH AVENUE NEW YORK CITY, LL",463
"1101 NORTH DIXIE LL",420
"1105 PETERS ROAD LL",425
"11TH STREET AUSTIN PARTNERS LT",495
"13 SUPER SAVER/MISS MARCIA, LL",663
"11 PINE, INC",399
"1105 SKYLINE INVESTMENTS LL",426
"144A OFFSHORE FUND, LTD",822
"1108 HIGHWAY AVE TOWNHOMES LL",427
"15 QUALITY ROAD/R CHARLIES ANGEL, LL",868
"11084 LEROY DRIVE LL",428
"111 CORCORAN FUND",430
"111 HOLDINGS IN",431
"160 TOLTEC LL",940
"10-20 MEDIA, INC",239
"111 HUNTING RIDGE ROAD ASSOCIATES LL",432
"111 N. CANAL INVESTORS, LL",433
"1110 HIBISCUS REALTY GP, LL",437
"12 PERCENT FUND I LL",515
"12 COLES HOLDINGS, LL",503
"06 SILVER DEPUTY DAISY DUKES LL",62
"1110 HIBISCUS REALTY, LL",438
"110 CORCORAN PROPERTY PARTNERS, LL",410
"1201 THIRD AVENUE REIT LL",548
"1470 TELES LL",832
"1 800 MUTUALS ADVISORS SERIE",166
"1111 BROADWAY DISTRIBUTION, LL",439
"1111 SUPERIOR INVESTORS LL",442
"06 PEACE RULES/MAMBO MISTRESS LL",54
"124 HUDSON STREET EQUITIES LL",589
"1011 BRIAR HILLS ONE INVESTORS IN",298
"1111030 B.C. LTD",445
"1119 LINCOLN WAY, LL",450
"112 BURLEIGH AVENUE NORFOLK, LL",451
"101 SEAPORT BLVD LL",289
"112 SOUTH MAIN 10 PERCENT COLLATERALIZED NOTES LL",455
"14159 CAPITAL (GP), LL",800
"112359 FACTOR FUND, LL",456
"1129 20TH STREET MEMBER LL",460
"03 ENTERTAINMENT GROUP IN",17
"114 PARTNERS LT",464
"1051 VILLAGE HIGHWAY PARTNERS, LL",328
"114 REIT L",465
"1140 FOLSOM LL",467
"1143 HIGHLAND DRIVE, LL",468
"10919 WEST ROAD MANAGER LL",352
"11 RONIIN, LL",401
"1300554 ONTARIO LT",669
"10 STORMY ATLANTIC/TOUCHNOW, LL",228
"11447 SECND STREET LL",469
"0910703 B.C. LTD",157
"12 EL CORREDOR/BLUE HILLS, LL",507
"1155 BOULDER, LL",474
"1155 ISLAND AVENUE, LL",475
"116 AVENUE PG IN",476
"1096031 B.C. LT",354
"1231 K STREET MEMBER LL",581
"11715 SOUTH GLEN, L",480
"13 COLONEL JOHN/MYSTERY BULLET, LL",641
"118 WEST 114TH STREET PARTNERS, L",482
"1188 BREWING COMPANY, LL",485
"11 WAR CHANT/ROYAL G G, LL",407
"119 BOISE, LL",487
"1",490
"1-800-PHARMACY IN",200
"1051 DOUGLAS/BATAVIA INVESTORS LL",327
"11I NETWORKS IN",491
"1616 WEST DALLAS (HOUSTON) OWNER, LL",959
"11TH & GRAND INVESTMENTS LL",492
"11TH & MYRTLE WEST LL",494
"100E.COM IN",277
"12 AFTER MARKET/LETHA B, LL",496
"10X SOFTWARE IN",374
"11 PATRIOT ACT/ASCENDED DREAMS, LL",397
"12 BERNSTEIN/DIAMONDINTHESTREAM, LL",497
"1125 NORTH FAIRFAX LL",457
"12 CATIENUS/SYDNEY'S LEXINGTON, LL",502
"14 COMMERCE IN",745
"12 DISCREETLY MINE/ROCKIN ON, LL",506
"151 Q STREET REIT, LL",888
"12 GHOSTZAPPER/BALLISTAE, LL",510
"07 SUCCESSFUL APPEAL/BIG SCORE, LL",92
"12 INTERACTIVE, LL",511
"1405 SIDNEY BAKER, LL",784
"12 SHARP HUMOR/OVEROCKS, LL",521
"14 CONGRATS/INTENTIONAL FEVER, LL",746
"12 SHARP HUMOR/PECAN BAYOU, LL",522
"1290 BROADWAY REIT LL",618
"103 CONTINENTAL PLACE ASSOCIATES , L.P",312
"12 TELECOM INTERNATIONAL IN",525
"12655 WEST JEFFERSON OWNER, LL",604
"12 TO 20 PLUS IN",526
"1503 HOLDINGS, L.P",885
"121MEDIA IN",568
"1248 SOUTH VINEYARD STREET, LL",591
"12 WEST PUNCH CARD FUND L",532
"1611 OAK CREEK LANE, L",958
"12TH STREET OPPORTUNITY L",633
"1201 MANSFIELD LL",545
"133 GREENWICH HOTEL, LL",685
"05JV4 PROGRA",37
"12/3 BRANDING IN",534
"1655 VALLEY APF L",977
"1448 MCCARTER HIGHWAY LL",819
"120/30 HEDGE FUND L",538
"1200 ABILENE LL",539
"10STORIES, INC",365
"1200 BLUEGRASS LAKES PARTNERS, L",540
"137 HOLDINGS C, LL",712
"1200 ELY STREET HOLDINGS CO. LL",541
"12030 QUALIFIED HEDGE FUND L",549
"1205 BROADWAY EB-5 INVESTORS FUND, L.P",550
"1414 EAST DANA LL",797
"1230 N OCEAN LENDER LL",580
"15700 SOUTH MCKINLEY AVENUE LL",921
"1350 HIGHLAND DRIVE, LL",698
"10-15 ASSOCIATES, INC",237
"10 DEGREE LL",208
"1207407 ONTARIO LTD",551
"121 GOLFNET IN",555
"121 SPORTSNET IN",556
"128 CC, LL",611
"1211 AVENUE OF THE AMERICAS REI",559
"14 SYDNEYS CANDY-MUSIC & MAGIC, LL",766
"1211 FINANCIAL ASSOCIATES, LL",560
"1488 - 32ND STREET LL",836
"12121 WILSHIRE BOULEVARD LL",562
"1214 GRISWOLD APARTMENTS LL",564
"14 LOOKIN AT LUCKY/BRUSH THE RAIL, LL",759
"1216848 ALBERTA LTD",565
"136 EASTPORT ROAD, LL",700
"1217 INVESTMENTS LL",566
"1295728 ALBERTA UL",622
"122 WEST VENTURES, L.P",569
"1150 LIQUIDATING COR",471
"1222 EAST PINE STREET LL",570
"127 MADISON PARTNERS LL",607
"1223 ANAHEIM STREET LL",571
"1224 COR",572
"13 AWESOME OF COURSE/LADY OF LONG AGO, LL",637
"1229501 ONTARIO IN",574
"1000 HOWARD BOULEVARD PARTNERS, L.P",258
"123 COMPANIES, LL",577
"123 ID IN",578
"123 LUMPSUM DELAWARE HOLDINGS, LL",579
"1 HOLBROOK LN, LL",175
"1233 COR",582
"15 CITY ZIP/WALLINGFORD, LL",848
"12342RM620 INVESTMENTS, L.P",583
"1239 BAY AREA, L",586
"06068900 B.C. LTD",68
"1011 - 1041 TALEGA, LL",297
"05 MALABAR GOLD/KNOCK ON GIN LL",30
"10605-07 S ARTESIAN LL",337
"1240 CEDAR LL",590
"125 W 44 RESTAURANT ASSOCIATES, LL",594
"1250 CENTRAL AVE., LL",595
"10TH AVENUE HOSPITALITY GROUP LL",369
"1250 HUNTERS COVE, LL",596
"13 COLONEL JOHN/REPEAT, LL",642
"1255 23RD STREET TRUS",598
"126-142 MORGAN STREET URBAN RENEWAL LL",599
"10-30 S. WACKER CORE, L.L.C",240
"1 VALLEY VIEW GROUP, LL",185
"12697 INVESTCO LL",606
"1260 AMSTERDAM REALTY LL",600
"12 CANDY RIDE/LAUGHINGLY, LL",500
"1308 N. ELSTON (CHICAGO) INVESTORS, LL",672
"1260 MARTIN LL",601
"1260 RED BUTTE LL",602
"144 WARREN LL",815
"1266715 ALBERTA IN",605
"1496965 ALBERTA LTD",840
"1251 CAPITAL GROUP, INC",597
"0847473 B.C. LTD",129
"128 PARTNERS LL",613
"1029 GEARY STREET PROPERTY, LL",311
"10928 AUDELIA DALLAS, L",353
"128 TECHNOLOGY, INC",614
"1-800-RADIATOR FRANCHISE INC",201
"1281 STONE CANYON, LL",615
"137 HOLDINGS AB, LL",710
"1290 BROADWAY LAND REIT LL",617
"1290 FUNDS TRUS",619
"12BRAIN IN",623
"159 WEST 24TH STREET LL",926
"15135 MEMORIAL PROPERTIES L ",892
"1201 PROSPECT, LL",547
"12TH FLOOR FILM FUND LL",628
"12K, LL",624
"130W42 REALTY INC",674
"1075 WEYBRIDGE HOLDING, LL",341
"12TH & JOHN INVESTORS LL",625
"12TH STREET ASSET MANAGEMENT COMPANY, LL",629
"12TH STREET ASSET MANAGEMENT L",630
"12 PLEASANTLY PERFECT/WINTER TIDE, LL",516
"12TH STREET MANAGER LL",632
"13 NY LL",659
"1183929 ALBERTA UL",483
"12WELVE EYES BREWING, LL",635
"1111 W STREET, LL",444
"13 CITY ZIP/TIZADO, LL",639
"13 CONGRATS/DECEIT, LL",643
"101 CORPORATE CENTER, LL",282
"13 COURT VISION/DRY HEAT, LL",645
"13 CURLIN/GIANT CANAL, LL",647
"06 SEATTLE FITZ LIGHT LINE LL",60
"13 DIXIE CHATTER/KELLYS PRINCESS, LL",648
"13 EINSTEIN/CREME CATALAN, LL",649
"15 OVERANALYZE/HAPPY DESTINY, LL",865
"13 GIO PONTI/STRIKES A CHORD, LL",653
"14 GEMOLOGIST/NORTH LAKE JANE, LL",752
"06 PEACE FULES JUSTFORTHEGIRLS LL",53
"08 TAPIT/WORLD OF THANKS, LL",126
"13 INCLUDE/NANCY G., LL",655
"1290 FUND",620
"13 MINESHAFT/PLAID, LL",658
"13 PADDY O'PRADO/CLASS CHOICE, LL",660
"1236 MEARNS MANAGER L",585
"13 SMART STRIKE/FIRST PASSAGE, LL",661
"11TH & GRAND INVESTMENTS PHASE II LL",493
"13 TIZNOW/SUMPTUOUS, LL",664
"14 FIRST SAMURAI/MARCS LARK, LL",750
"1101 REIT, LL",421
"130 SOUTH GREEN, LL",668
"137 HOLDINGS CAPX, LL",713
"1307 GLENWOOD LL",671
"1322975 ALBERTA LTD",681
"134 BAY STREET LL",688
"134 MEETING CMB, LL",689
"1340649 ONTARIO LT",690
"1346049 ONTARIO LT",691
"1347 CAPITAL LL",693
"1347 INVESTORS LL",694
"1607 CAPITAL GLOBAL EQUITY FUND L",951
"1354037 ONTARIO INC",699
"1015 PARTNERS, L",303
"136 STATE STREET LL",701
"137 AFFILIATES II, L",704
"1347 CAPITAL COR",692
"137 AVENUE C LL",707
