Line Number,Company Name,Company CIK Key
1,!J INC,1438823
2,"#1 A LIFESAFER HOLDINGS, INC.",1509607
3,#1 ARIZONA DISCOUNT PROPERTIES LLC,1457512
4,#1 PAINTBALL CORP,1433777
5,$ LLC,1427189
6,& S MEDIA GROUP LLC,1447162
7,&TV COMMUNICATIONS INC.,1479357
8,"'MKTG, INC.'",886475
9,'OHANA LABS INC.,1703629
10,(OURCROWD INVESTMENT IN MST) L.P.,1599496
11,(Y.Z) QUEENCO LTD.,1623088
12,".CLUB DOMAINS, LLC",1577787
13,012 SMILE.COMMUNICATIONS LTD,1402606
14,02 MEDTECH INC,1409768
15,"0210, LLC",1494698
16,"024 PHARMA, INC.",1307969
17,02DIESEL CORP,1414080
18,03 ENTERTAINMENT GROUP INC,1322914
19,033 ASSET MANAGEMENT LLC /,1114831
20,05 AFWAIN COURITY KATHY LLC,1398981
21,05 CAT THIEF/GOLD IN MY STARS LLC,1406134
22,05 DIXIE UNION/UNDER FIRE LLC,1395687
23,05 EL CORREDOR/ONE BAD CAT LLC,1398457
24,05 FREUD/LAVISH NUMBERS LLC,1402813
25,05 GOLD CASE/JETAZELLE LLC,1398456
26,05 HOLD THAT TIGER TOJUR LLC,1394816
27,05 INDIAN CHARLIE/HELLO KITTY KITTY LLC,1395686
28,05 KAFWAIN JOVIAL WINGS LLC,1399020
29,05 LIDO PALACEMADA MEADOWLAKE LLC,1398982
30,05 MACHO UNO GO DONNA GO LLC,1394815
31,05 MALABAR GOLD/KNOCK ON GIN LLC,1406031
32,05 PHONE/TRICK/LIGHTBEAM LLC,1404585
33,05 SMOKE GLACKEN/ADDED TIME LLC,1398553
34,05 STORM CAT COUNTRY ROMANCE LLC,1398985
35,05 TRIPPI/PROLOGUE LLC,1398705
36,05 TWO PUNCH/SOMETHING LIGHT LLC,1412460
37,05JV3 PROGRAM,1329695
38,05JV4 PROGRAM,1332378
39,06 BOWMANS BAND/GRACEFUL PROSPECT LLC,1450403
40,06 BROKEN VOW/E1'S RED CAT LLC,1420655
41,06 CITY PLACE LIBRARIAN LLC,1431063
42,06 DATTTSDAWAYILIKEIT LLC,1431029
43,06 DIXIE UNION/GENERAL JEANNE LLC,1416530
44,06 E DUBAI/TWICE FORBIDDEN LLC,1441323
45,06 EL CORREDOR JUST GIN'N LLC,1437419
46,06 ELUSIVE QUALITY LAVENDER LLC,1431035
47,06 FLATTER/BE A QUIET HONEY LLC,1441344
48,06 FOREST CAMP/HOPES DIAMOND LLC,1440017
49,06 FRIENDS LAKE/PROFIT SYSTEM LLC,1441524
50,06 INDIAN CHARLIE RISING TIDE LLC,1430273
51,06 LION HEART MOMENTS DELIGHT LLC,1438444
52,06 MALIBU MOON/NATIONAL PASTIME LLC,1436383
53,06 NOT FOR LOVE/NEAR & DEAR LLC,1419524
54,06 PEACE FULES JUSTFORTHEGIRLS LLC,1433512
55,06 PEACE RULES/MAMBO MISTRESS LLC,1433788
56,06 PURE PRIZE GLORIAS GOLD LLC,1436390
57,06 READ THE FOOTNOTES/RE RE BE BE LLC,1433978
58,06 ROARING FEVER/REPAST LLC,1418419
59,06 ROCK SLIDE/IN GLOWING COLORS LLC,1420656
60,06 SARAVA JUST GORGEOUS LLC,1437320
61,06 SEATTLE FITZ LIGHT LINE LLC,1429750
62,06 SILVER DEPUTY BELOVED LLC,1435216
63,06 SILVER DEPUTY DAISY DUKES LLC,1429800
64,06 TAPIT LOOKING FOR A STAR LLC,1433513
65,06 TETON FOREST PRINCESS SEQUOIA LLC,1431571
66,06 TIGER RIDGE/EM BARBIE DOLL LLC,1437319
67,06 WEST ACRE CLASSIC BEAUTY LLC,1433971
68,06 WESTS SECRET LLC,1434905
69,06068900 B.C. LTD.,1477445
70,"07 CASTLEDALE/MARY CAROLYN, LLC",1462728
71,07 CLOSING ARGUMENT/AUTUMN MUSIC LLC,1449175
72,"07 CONSOLIDATOR/SUTTER SUTTER, LLC",1459753
73,"07 DIXIE UNION/MAIDEN VOYAGE, LLC",1462727
74,07 EXCHANGE RATE/STAR ONE ONE LLC,1450794
75,"07 FOREST CAMP/QUIET SUMMERNIGHT, LLC",1462274
76,"07 FOREST CAMP/VICTORY TRICK, LLC",1463759
77,"07 FOREST DANGER/STARSHIP SENSATION, LLC",1470268
78,"07 GRAEME HALL/VINES OF JUSTICE, LLC",1459751
79,"07 GRAND REWARD/ROSE CITY, LLC",1462597
80,07 MACHO UNO/VICTORIAN SILVER LLC,1449174
81,07 MORE THAN READY/GERA LLC,1450792
82,"07 NOT FOR LOVE/LADY TIARA, LLC",1462859
83,"07 OFFLEE WILD/A LOOSE KISSER, LLC",1467551
84,"07 OFFLEE WILD/PRIZE CONNECTION, LLC",1485048
85,"07 PICO CENTRAL/BROWN EYED MISS, LLC",1463761
86,"07 PLEASANTLY PERFECT/GENERAL JEANNE, LLC",1469942
87,07 QUESTRESS LLC,1449120
88,"07 ROCK HARD TEN/GEMILLI, LLC",1462598
89,07 SEATTLE FITZ/WATCH THAT GIRL LLC,1449176
90,07 SEINNE GERANIUM LLC,1450803
91,"07 SKY MESA/CITIVIEW, LLC",1461619
92,"07 SMARTY JONES/SUNRISE SLEW, LLC",1462860
93,"07 SUCCESSFUL APPEAL/BIG SCORE, LLC",1460306
94,"07 TAPIT/GRANUAILE, LLC",1459752
95,"0718806 BC, LTD",1427374
96,0741693 B.C. LTD.,1374489
97,0761717 B.C. LTD.,1374490
98,0766284 B.C. LTD,1396608
99,0787251 BC LTD,1413382
100,0792725 B.C. LTD,1404326
101,"08 AD VALOREM/QUEENLINESS, LLC",1480148
102,"08 BADGE OF SILVER/WISE ENDING, LLC",1487169
103,"08 BOLD EXECUTIVE/ORCADIA, LLC",1480149
104,"08 CANDY RIDE/MISS PUZZLE, LLC",1480150
105,"08 DA STOOPS/JATHIBIYAH, LLC",1487170
106,"08 DEHERE/SWEEPING BEAUTY, LLC",1480145
107,"08 EL CORREDOR/AMANDAS BANDIT, LLC",1491086
108,"08 EL CORREDOR/DANCING PRISM, LLC",1480146
109,"08 EL CORREDOR/HOT GOLDEN JET, LLC",1480151
110,"08 FIRST SAMURAI/SHOP AGAIN, LLC",1480152
111,"08 FLATTER/GLAMORAMA, LLC",1496718
112,"08 FLATTER/SLAMMIN' LIL, LLC",1490980
113,"08 GIANT'S CAUSEWAY/SMOKE'N FROLIC, LLC",1487171
114,"08 GRAND SLAM/FEMININE, LLC",1508945
115,"08 HOLY ROMAN EMPEROR/TING A GREELEY, LLC",1480153
116,"08 INDIAN CHARLIE/GREELEY MAE, LLC",1487165
117,"08 INDIAN CHARLIE/KING'S FANCY, LLC",1480154
118,"08 INDIAN CHARLIE/SARATOGA CAT, LLC",1480155
119,"08 JOHAR/ZAWAAYA, LLC",1491085
120,"08 MACHO UNO/I ALREADY KNOW, LLC",1487166
121,"08 MALIBU MOON/ASTICKYPROPOSITION, LLC",1480156
122,"08 MARGIE'S WILDCAT/A LOOSE KISSER, LLC",1490982
123,"08 MARIA'S MON/CANTAMAR, LLC",1494002
124,"08 ORIENTATE/SONG'N DANCE, LLC",1487167
125,"08 SIR SHACKLETON/LADY LYRA, LLC",1480157
126,"08 SMOKE GLACKEN/MINADO, LLC",1487180
127,"08 TAPIT/WORLD OF THANKS, LLC",1502766
128,"08 UNBRIDLED ENERGY/TWILIGHT LEAGUE, LLC",1490981
129,0824239 B.C. LTD.,1489801
130,0847473 B.C. LTD.,1573759
131,0890697 B.C. LTD.,1502691
132,0893787 B.C. LTD.,1514823
133,"09 ARCH/RUN WITH THE SPIRIT, LLC",1504314
134,"09 AWESOME AGAIN/BLIND CANYON, LLC",1503693
135,"09 BELLAMY ROAD/FOREVER DIXIE, LLC",1508946
136,"09 CITY ZIP/CAPOTE'S TUNE, LLC",1503690
137,"09 DYNAFORMER/MUST BE A LADY, LLC",1503689
138,"09 EMPIRE MAKER/ANGEL ARCH, LLC",1514958
139,"09 EXCLUSIVE QUALITY/ON THE PODIUM, LLC",1516672
140,"09 FLASHY BULL/CAROL'S AMORE, LLC",1503734
141,"09 FLASHY BULL/DESERT SUNRISE, LLC",1516650
142,"09 FLASHY BULL/DREAM CITY, LLC",1516651
143,"09 FLASHY BULL/LAELIA, LLC",1514975
144,"09 HALF OURS/DIXIE LYRICS, LLC",1503696
145,"09 LATENT HEAT/KNOTTY ASH, LLC",1503733
146,"09 LION HEART/SONG'N DANCE, LLC",1516652
147,"09 MACHO UNO/CHAMPAGNE COCKTAIL, LLC",1514976
148,09 OFFLEE WILD FILLY LLC,1529918
149,"09 PROUD CITIZEN/MARIALUA, LLC",1503691
150,"09 PURE PRIZE/ABSOLUTELY LOVELY, LLC",1516653
151,"09 PURE PRIZE/YES IT'S ROYALTY, LLC",1516654
152,"09 PURIM/TOUCH ME ONCE, LLC",1514977
153,"09 ROCK HARD TEN/BARBARA 0RR, LLC",1516655
154,"09 ROCKPORT HARBOR/MAMA'S CITY, LLC",1516656
155,"09 SILVER TRAIN/ALOTOFAPPEAL, LLC",1516671
156,"09 STORMY ATLANTIC/LASSO THE MOON, LLC",1503732
157,0901958 B.C. LTD.,1562587
158,0910703 B.C. LTD.,1528283
159,0916753 B.C. ULC,1528141
160,"0967761 BC, LTD.",1640984
161,1 4 SURGICAL SERVICES LLC,1229382
162,1 4F SHENGSHI INC,1398560
163,1 800 AUTOTOW INC,1054476
164,1 800 CONTACTS INC,1050122
165,1 800 FLOWERS COM INC,1084869
166,1 800 MUTUALS ADVISOR SERIES,1137095
167,1 800 MUTUALS ADVISORS SERIES,1137095
168,1 800 PATCHES INC,1177967
169,1 800 RADIATOR FRANCHISE INC,1386243
170,1 ANSWER SOLUTIONS INC,1329131
171,1 CLASS CORP,1160523
172,"1 COMMUNITY BUILDERS, LLC",1629607
173,"1 DB FINANCIAL, INC.",1464602
174,1 FINANCIAL MARKETPLACE SECURITIES LLC                  /BD,1141679
175,"1 FINANCIAL MARKETPLACE SECURITIES, LLC",1141679
176,"1 HOLBROOK LN, LLC",1705299
177,1 JOINT VENTURE,1213243
178,1 LANE TECHNOLOGIES CORP,1422222
179,"1 LOVEJOY WHARF BOSTON REALTY, LLC",1676395
180,1 NORTH EQUITY HEALTHCARE LONG/SHORT FUND LLC,1591835
181,1 PINE POINT LLC,1678400
182,1 RATE COM LLC,1175115
183,1 SOLUTION CORP,1101417
184,"1 SOUTH WACKER HOLDINGS, LLC",1564981
185,1 USA V ACQUISITION CORP,1160181
186,"1 VALLEY VIEW GROUP, LLC",1634723
187,"1 VOICE FILMS FOR THE GLORY, LLC",1490327
188,"1 WORLD LAUNDRY HOLDINGS, LLC",1571673
189,1 WT TESORO CORP,1356060
190,1 ZONE LTD,1341923
191,1-10/KATY LTD,1407576
192,"1-800 ALL PARTS HOLDINGS, INC.",1590169
193,1-800 ATTORNEY INC,1010615
194,1-800 IDEAS COM INC,1240333
195,1-800 MUTUAL FUNDS INC,1073045
196,1-800 WINESHOP COM INC,1376285
197,"1-800-DOCTORS, INC.",1508678
198,1-800-JACKPOT INC,1405333
199,1-800-PACK-RAT LLC,1398179
200,"1-800-PACK-RAT, LLC",1398179
201,1-800-PHARMACY INC,1416449
202,1-800-RADIATOR FRANCHISE INC.,1409739
203,"1-900 JACKPOT, INC.",1098686
204,1-PAGE LTD,1628533
205,1/2 MAC LTD,1300207
206,"10 ANY GIVEN SATURDAY/BRIGHT IMAGE, LLC",1531112
207,"10 CIRCULAR QUAY/CHISPISKI, LLC",1548386
208,"10 CONGRATS/PONDERWAY, LLC",1544871
209,10 DEGREE LLC,1170475
210,"10 DIXIE UNION/ACANTHUS, LLC",1531110
211,"10 EDDINGTON/GOTTAH PENNY, LLC",1544446
212,"10 FARNSWORTH PARTNERS, LLC",1618374
213,10 FC LLC,1436830
214,"10 FLATTER/OUR MAGIC CAT, LLC",1531113
215,"10 FOOTSTEPSINTHESAND/HAUTE VOLTA, LLC",1532884
216,10 GROUP PLC/ADR,1165529
217,"10 JAY PEG/HAPPY JEAN, LLC",1544448
218,"10 LAWYER RON/JOSTLE, LLC",1544872
219,"10 LEMON DROP KID/MEADOW VISTA, LLC",1547272
220,"10 LION HEART/PROFESSORA, LLC",1544447
221,"10 MALIBU MOON/BANDSTAND, LLC",1530242
222,"10 OUTDOOR ADVERTISING, INC.",1337336
223,"10 PERCENT FEE, LLC",1479963
224,10 PERIMETER INVESTORS LLC,1701111
225,"10 PURE PRIZE/GATHERINDY, LLC",1544445
226,"10 SHARP HUMOR/SNOW COUNTY HONEY, LLC",1548780
227,"10 SHIROCCO/NOVELINA, LLC",1532885
228,"10 SKY MESA/FLYING AFLEET, LLC",1544873
229,"10 STORMY ATLANTIC/TOUCHNOW, LLC",1544874
230,"10 TALE OF THE CAT/I'M BEGUILED AGAIN, LLC",1544860
231,"10 TALENT CAPITAL, LP",1684824
232,"10 UCP REIT, LLC",1482999
233,"10 UTOPIA/DANCIN ON BROADWAY, LLC",1548387
234,"10 VALUE PLUS/HOW 'BOUT NO, LLC",1547273
235,"10 VAR/ROLLICKING ROMP, LLC",1544449
236,10 WEST CAPITAL GROWTH FUND LP,1530837
237,10-120 S. RIVERSIDE REIT,1598761
238,"10-15 ASSOCIATES, INC.",1511144
239,10-20 CHANNEL CENTER REIT,1665022
240,"10-20 MEDIA, INC.",1460764
241,"10-30 S. WACKER CORE, L.L.C.",1629331
242,10-4 CORP,1437719
243,10/120 SOUTH RIVERSIDE ILLINOIS BUSINESS TRUST,1389585
244,100 BOOK CHALLENGE CO,1191683
245,"100 CONGRESS REIT, LLC",1693778
246,100 COURT INVESTORS LLC TIG-1 LLC,1267947
247,100 FEDERAL SUBSIDIARY REIT LLC,1626589
248,100 MAPLE LLC,1429709
249,100 MILE FUND LLC,1524609
250,100 MILL PLAIN INVESTORS LLC,1642107
251,"100 PLAZA HOLDINGS, LLC",1593419
252,100 RIO GRANDE LLC,1353013
253,100 W. EXCHANGE AVE. INC,1400556
254,100 WALL ENERGY PARTNERS L P,1327600
255,100 WALL INVESTMENTS LLC,1662965
256,100 WEST 93RD STREET INVESTORS LP,1677628
257,"100 WEST C STREET INVESTORS, LLC",1695034
258,1000 1ST AVENUE SOUTH LP,1382747
259,"1000 HOWARD BOULEVARD PARTNERS, L.P.",1655487
260,"1000 MAIN REIT, LLC",1565574
261,"1000 MARKETS, INC.",1464831
262,1000 MARY LLC,1701871
263,"1000 NORTH ARIZOLA ROAD, LLC",1671787
264,1000 OAKS CO,1254676
265,"1000-1100 REIT, LLC",1536618
266,10000 LAMAR LLC,1702918
267,"1000CHANNEL REAL ESTATE OPPORTUNITIES FEEDER FUND, LTD.",1648832
268,"1000MUSEUMS, INC.",1474068
269,"1001 BANNOCK ST., LLC",1590398
270,"1001 G STREET REHABILITAITON, LP",1680019
271,"1001 SOUTH STATE STREET HOLDINGS, LLC",1631960
272,1001 STEPS FUNDS LP,1478218
273,1001 WAYS PRODUCTIONS LLC,1455357
274,1003652 CANADA INC.,1709188
275,1005 INVESTORS LLC,1398898
276,1008 UPPER GULPH ASSOCIATES LP,1174861
277,100E LTD,1340589
278,100E.COM INC,1374323
279,"100HEALTH, INC.",1627923
280,"100INSIGHTS, INC",1651654
281,"100MILATBOX, LLC",1549422
282,101 CONSTITUTION TRUST,1405968
283,"101 CORPORATE CENTER, LLC",1553164
284,101 DALMATIANS WORLDWIDE LLC,1464454
285,"101 EDU, INC.",1707832
286,101 HUNTINGTON HOLDINGS LLC,1208476
287,101 MAIN STREET LIMITED LIABILITY CO,1060540
288,101 PARKSHORE INVESTORS I LLC,1283489
289,"101 SANCHEZ ASSOCIATES, LLC",1639548
290,101 SEAPORT BLVD LLC,1694963
291,"101 SHERIDAN APARTMENTS, LLC",1623034
292,101 WEST 126TH STREET LLC,1313111
293,"101 WINNERS CIRCLE ASSOCIATES, L.P.",1476031
294,101 WYCKOFF LLC,1274880
295,"1010 EAST WASH, LLC",1678068
296,"10101 SW 14 MEMBER, LLC",1635622
297,"1010DATA, INC.",1485425
298,"1011 - 1041 TALEGA, LLC",1517889
299,1011 BRIAR HILLS ONE INVESTORS INC,1300457
300,101105607 SASKATCHEWAN LTD,1564293
301,1011773 B.C. UNLIMITED LIABILITY CO,1618756
302,"1013 PROPERTIES, LLC",1472842
303,1015 FINANCIAL ASSOCIATES LLC,1180931
304,"1015 PARTNERS, LP",1515367
305,1016 1ST AVE SOUTH L P,1356457
306,1019 FIFTH STREET LIMITED PARTNERSHIP,1647876
307,101ST & ROOSEVELT LLC,1331027
308,102 TECHNOLOGY LLC,1310921
309,"102-43 CORONA AVENUE, INC.",1690615
310,"1020 DIGITAL, LLC",1647499
311,1025 VERMONT INVESTORS LLC,1209979
312,"1029 GEARY STREET PROPERTY, LLC",1631883
313,"103 CONTINENTAL PLACE ASSOCIATES , L.P.",1565471
314,103 WATSON FUND LLC,1483674
315,103-110 CORPORATE PARK DRIVE LLC,1427578
316,"1031 BRIDGE, LLC",1550799
317,"1031 CROWDFUNDING, LLC",1622356
318,1031 OPERATIONS CORP,1435268
319,"1033 SOUTH BASCOM, LLC",1605914
320,103RD STREET INVESTORS LLC,1683631
321,104 W ANAPAMU PARTNERS L P,1355404
322,10400 INNOVATION LLC,1424928
323,"10445 GREENS CROSSING, LP",1680127
324,10488 CENTENNIAL ROAD LLC,1386520
325,105-115 GREENPOINT AVENUE LLC,1618814
326,"1050 LONGMORE APARTMENTS, LLLP",1676481
327,"1050 PAGE MILL ROAD REIT, LLC",1595776
328,1051 DOUGLAS/BATAVIA INVESTORS LLC,1413570
329,"1051 VILLAGE HIGHWAY PARTNERS, LLC",1571745
330,10575 WESPARK FPM LP,1309633
331,1059778 ALBERTA LTD,1261055
332,106 & 108 CHARLES STREET LLC,1324174
333,"1060 CAPITAL MANAGEMENT, LLC",1580250
334,"1060 CAPITAL OPPORTUNITY FUND, LP",1580250
335,"1060 CAPITAL OPPORTUNITY FUND, LTD",1708338
336,"1060 CAPITAL, LLC",1602119
337,10600 WEST BELMONT REIT LLC,1349917
338,10605-07 S ARTESIAN LLC,1295498
339,1061 WEST OAKLAND LLC,1367404
340,1062316 ONTARIO LTD,1268970
341,107 LAKE ST LLC,1240619
342,"1075 WEYBRIDGE HOLDING, LLC",1664237
343,107TH AVE OLIVE DEV PARTNERS LLC,1340142
344,10818 MIDWEST INDUSTRIAL LLC,1381003
345,10820 GILROY LLC,1205835
346,10833 NE EIGHTH STREET REIT LLC,1483038
347,10836 CAMINITO ARCADA LLC,1609800
348,1088 MEDVESTORS LLC,1309819
349,1089144 ALBERTA LTD,1287017
350,109 WEST MAIN ST INC,929268
351,"109-05 120TH STREET, INC.",1690602
352,10911 LINDBROOK LLC,1390214
353,10919 WEST ROAD MANAGER LLC,1681105
354,"10928 AUDELIA DALLAS, LP",1681921
355,1096031 B.C. LTD,1694215
356,10975 E 47TH AVE LLC,1356667
357,10C TECHNOLOGIES INC,1405978
358,10CHARGE INC,1177145
359,10E53 REIT LLC,1562474
360,"10FIFTY, LLC",1643712
361,10GEN INC,1441816
362,10K CAPITAL CONCENTRATED EQUITY FUND L P,1369445
363,"10K CAPITAL PARTNERS, L.P.",1532019
364,10K SMART TRUST,1082216
365,"10SHEET SERVICES, INC.",1560927
366,"10STORIES, INC.",1664513
367,"10TALENTS PRIVATE FUND I, L.P.",1700300
368,"10TALES, INC.",1654462
369,10TH & BROADWAY LLC,1631647
370,10TH AVENUE HOSPITALITY GROUP LLC,1227390
371,"10TH PRINCIPLE, LLC",1533853
372,"10X CAPITAL MANAGEMENT, LLC",1457247
373,10X FUND LP,1453356
374,"10X FUND, L.P.",1453356
375,10X SOFTWARE INC,1269673
376,"10X TECHNOLOGIES, INC.",1560742
377,10X10 ROOM LLC,1532533
378,"11 A.P. WARRIOR/DIXIE SHEIHK, LLC",1572336
379,"11 BLUEGRASS CAT/TRULY SPECTACULAR, LLC",1558447
380,"11 BORREGO/COUNTUS AFFAIR, LLC",1571688
381,"11 DISCREET CAT/PAST TWILIGHT, LLC",1558762
382,11 EAST 1ST ST. LLC,1538381
383,"11 FIRST SAMURAI/TRIP, LLC",1558760
384,"11 FLATTER/ADENA'S GIRL, LLC",1575674
385,"11 FLOWER ALLEY/LISIEUX, LLC",1557846
386,"11 GOLDEN MISSILE/CLAY'S RUN, LLC",1575391
387,11 GOOD ENERGY INC,1408597
388,"11 HARLAN'S HOLIDAY/DANCE TO DAWN, LLC",1559749
389,"11 HIGH COTTON/BREAKING STORM, LLC",1572335
390,"11 HIGH COTTON/KEIKIK, LLC",1577460
391,"11 INDIAN CHARLIE/BELLE EXCEL, LLC",1581690
392,"11 KODIAK KOWBOY/BOOT SCOOT N RUN, LLC",1557830
393,"11 LEMON DROP KID/MOONLIGHT CRUISE, LLC",1574249
394,11 MADISON INVESTOR II LLC,1665711
395,11 MADISON INVESTOR LLC,1665354
396,"11 MASTER COMMAND/MOTHER, LLC",1575393
397,"11 MIDNIGHT LUTE/CHILLING EFFECT, LLC",1557847
398,"11 PATRIOT ACT/ASCENDED DREAMS, LLC",1575392
399,"11 PENN TV, LLC",1546691
400,"11 PINE, INC.",1664635
401,"11 PYRO/TRES TRES JOLI, LLC",1558743
402,"11 RONIIN, LLC",1625109
403,"11 TAPIT/FREE THE MAGIC, LLC",1558758
404,"11 TAPIT/PUNCH APPEAL, LLC",1571687
405,"11 TIZNOW/COYA, LLC",1558764
406,"11 TIZNOW/PAPA TO KINZIE, LLC",1574250
407,11 VANDERBILT ROASTERY LLC,1588093
408,"11 WAR CHANT/ROYAL G G, LLC",1574535
409,"11-16 AZCF, LLC",1688421
410,"11.2 CAPITAL I, L.P.",1591336
411,"110 CORCORAN PROPERTY PARTNERS, LLC",1658659
412,"110 MEDIA GROUP, INC.",824104
413,110-112 THIRD AVE. GC II LLC,1341596
414,110-112 THIRD AVE. GC LLC,1341595
415,110-112 THIRD AVE. REALTY CORP.,1336718
416,1100 CENTRAL LLC,1281138
417,1100 FIRST INC.,1539197
418,1100591 ALBERTA LTD,1486595
419,1101 CVR LLC,1551028
420,1101 KNOXVILLE REALTY,1650076
421,1101 NORTH DIXIE LLC,1367402
422,"1101 REIT, LLC",1536619
423,"1101K, INC.",1533487
424,1104 WESLEY AVENUE LLC,1400942
425,1105 MEDIA HOLDINGS LLC,1361784
426,1105 PETERS ROAD LLC,1141112
427,1105 SKYLINE INVESTMENTS LLC,1415417
428,1108 HIGHWAY AVE TOWNHOMES LLC,1658836
429,11084 LEROY DRIVE LLC,1324999
430,1109519 ONTARIO LTD,1275993
431,111 CORCORAN FUNDS,883496
432,111 HOLDINGS INC,1040616
433,111 HUNTING RIDGE ROAD ASSOCIATES LLC,1307882
434,"111 N. CANAL INVESTORS, LLC",1564459
435,111 SEVENTH LLC,1401148
436,"111 TRI-COUNTY PARTNERS, LP",1515959
437,111 WEST MARSHALL STREET LLC,1686975
438,"1110 HIBISCUS REALTY GP, LLC",1701735
439,"1110 HIBISCUS REALTY, LLC",1699841
440,"1111 BROADWAY DISTRIBUTION, LLC",1666635
441,1111 PARKER STREET LLC,1404603
442,"1111 SUNSET BOULEVARD II, LLC",1674464
443,1111 SUPERIOR INVESTORS LLC,1613090
444,1111 THIRD REIT,1631768
445,"1111 W STREET, LLC",1658053
446,1111030 B.C. LTD.,1704242
447,"1112 PARTNERS, LLC",1698537
448,1115638 ALBERTA LTD,1311901
449,1115650 ALBERTA LTD,1312502
450,11170 E 47TH LLC,1406113
451,"1119 LINCOLN WAY, LLC",1640153
452,"112 BURLEIGH AVENUE NORFOLK, LLC",1312441
453,112 CHESTNUT OAKS LLC,1421058
454,112 CPS HOLDINGS LLC,1295528
455,"112 PG PARTNERS, LLC",1369666
456,112 SOUTH MAIN 10 PERCENT COLLATERALIZED NOTES LLC,1558383
457,"112359 FACTOR FUND, LLC",1618143
458,1125 NORTH FAIRFAX LLC,1614102
459,1127 CAPITAL LLC,1257419
460,1127 CAPITAL OFFSHORE FUND LTD,1257633
461,1129 20TH STREET MEMBER LLC,1352716
462,"1132 19TH STREET, LLC",1599422
463,1132284 ALBERTA LTD,1325826
464,"114 5TH AVENUE NEW YORK CITY, LLC",1657811
465,114 PARTNERS LTD,1241646
466,114 REIT LP,1665218
467,114 SYSTEMS INC,1384498
468,1140 FOLSOM LLC,1592121
469,"1143 HIGHLAND DRIVE, LLC",1663921
470,11447 SECND STREET LLC,1449607
471,11447 SECOND STREET LLC,1449607
472,1150 LIQUIDATING CORP,93706
473,1150 N VENTURA LP,1230189
474,"1150 UNION INVESTORS, LLC",1682041
475,"1155 BOULDER, LLC",1666561
476,"1155 ISLAND AVENUE, LLC",1629203
477,116 AVENUE PG INC,1414198
478,"11601 AUDELIA DALLAS, LP",1594033
479,"11601 AUDELIA ROAD, LP",1552995
480,"11619 EUCLID, LLC",1668972
481,"11715 SOUTH GLEN, LP",1660028
482,118 INVESTORS LLC,1543935
483,"118 WEST 114TH STREET PARTNERS, LP",1298546
484,1183929 ALBERTA ULC,1462144
485,"11850 EAST MAPLE MEMBER, LLC",1638149
486,"1188 BREWING COMPANY, LLC",1672624
487,1188 BROADWAY LLC,1372374
488,"119 BOISE, LLC",1633290
489,"11900 EAST ARTESIA BOULEVARD, LLC",1639215
490,11900 HARLAN ROAD LLC,1398414
491,11,1463262
492,11I NETWORKS INC,1418942
493,11TH & GRAND INVESTMENTS LLC,1273774
494,11TH & GRAND INVESTMENTS PHASE II LLC,1311349
495,11TH & MYRTLE WEST LLC,1312585
496,11TH STREET AUSTIN PARTNERS LTD,1382047
497,"12 AFTER MARKET/LETHA B, LLC",1607390
498,"12 BERNSTEIN/DIAMONDINTHESTREAM, LLC",1602734
499,"12 BIRDSTONE/PEARLS, LLC",1584912
500,"12 BROKEN VOW/FAIR & SQUARE, LLC",1606603
501,"12 CANDY RIDE/LAUGHINGLY, LLC",1587403
502,12 CAPITAL FUND SPC LTD,1390432
503,"12 CATIENUS/SYDNEY'S LEXINGTON, LLC",1607012
504,"12 COLES HOLDINGS, LLC",1689881
505,"12 COLONEL JOHN/DOCS DESTINY, LLC",1584921
506,"12 CONGRATS/BROADWAY GOLD, LLC",1602764
507,"12 DISCREETLY MINE/ROCKIN ON, LLC",1606797
508,"12 EL CORREDOR/BLUE HILLS, LLC",1609141
509,"12 FLASHY BULL/PLEASURE CAT, LLC",1582515
510,"12 FOREFATHERS/CHARLIE'S MOONBEAM, LLC",1611494
511,"12 GHOSTZAPPER/BALLISTAE, LLC",1629744
512,"12 INTERACTIVE, LLC",1482227
513,"12 LEROIDESANIMAUX/SILVER LISA, LLC",1587404
514,"12 MALIBU MOON/SHE SAYS IT BEST, LLC",1602780
515,"12 MORE THAN READY/TWILIGHT SERVICE, LLC",1584918
516,12 PERCENT FUND I LLC,1258460
517,"12 PLEASANTLY PERFECT/WINTER TIDE, LLC",1602962
518,"12 READY'S IMAGE/MALABAR STAR, LLC",1607236
519,12 RETECH CORP,1627611
520,"12 SCAT DADDY/DREAM DATE DIVA, LLC",1607014
521,"12 SCAT DADDY/LAVENDER BABY, LLC",1587402
522,"12 SHARP HUMOR/OVEROCKS, LLC",1606795
523,"12 SHARP HUMOR/PECAN BAYOU, LLC",1602942
524,12 SQUARED PARTNERS LLC,1101122
525,"12 TALE OF EKATI/REBECCA'S SONG, LLC",1584914
526,12 TELECOM INTERNATIONAL INC,1433865
527,12 TO 20 PLUS INC,1100394
528,"12 UTOPIA/TOUCHMEIFYOUCAN, LLC",1606600
529,"12 WAR FRONT/REMEMBER THE KEG, LLC",1602947
530,12 WEST CAPITAL FUND LP,1532621
531,12 WEST CAPITAL FUND LTD.,1589327
532,12 WEST CAPITAL MANAGEMENT LP,1540531
533,12 WEST PUNCH CARD FUND LP,1595817
534,"12/21 CAPITAL MANAGEMENT, L.P.",1597103
535,12/3 BRANDING INC,1338157
536,120 EAST 87TH STREET LLC,1351530
537,120 LAUNDRY LLC,1361830
538,"120 WATER AUDIT, LLC",1701190
539,120/30 HEDGE FUND LP,1172806
540,1200 ABILENE LLC,1301561
541,"1200 BLUEGRASS LAKES PARTNERS, LP",1534957
542,1200 ELY STREET HOLDINGS CO. LLC,1555840
543,"1200 REIT, LLC",1536622
544,1201 BALSAM LLC,1432367
545,1201 F STREET LLC,1395726
546,1201 MANSFIELD LLC,1423775
547,"1201 PARTNERS, LLC",1610550
548,"1201 PROSPECT, LLC",1670175
549,1201 THIRD AVENUE REIT LLC,1430397
550,12030 QUALIFIED HEDGE FUND LP,1173122
551,"1205 BROADWAY EB-5 INVESTORS FUND, L.P.",1683496
552,1207407 ONTARIO LTD.,1666831
553,"1209 CAPITAL PARTNERS, LP",1660869
554,121 EAST MAIN ST INC,929269
555,121 FGP LLC,1518361
556,121 GOLFNET INC,1418531
557,121 SPORTSNET INC,1369855
558,121 WEST MAIN STREET LLC,1437930
559,1211 & OLIVE REIT LP,1662572
560,1211 AVENUE OF THE AMERICAS REIT,1598760
561,"1211 FINANCIAL ASSOCIATES, LLC",1469643
562,1212 DEVELOPMENT CORP,1705510
563,12121 WILSHIRE BOULEVARD LLC,1482085
564,1212707 ALBERTA LTD.,1366880
565,1214 GRISWOLD APARTMENTS LLC,1590915
566,1216848 ALBERTA LTD.,1393098
567,1217 INVESTMENTS LLC,1358421
568,"1218 HAVEMEYER AVENUE, LLC",1398518
569,121MEDIA INC,1394366
570,"122 WEST VENTURES, L.P.",1694009
571,1222 EAST PINE STREET LLC,1554124
572,1223 ANAHEIM STREET LLC,1252791
573,1224 CORP,1062045
574,1226 VAIL LLC,1619521
575,1229501 ONTARIO INC,1051239
576,123 BAXTER OWNERS CO LLC,1210091
577,123 CAMINO CARMELITA LLC,1612736
578,"123 COMPANIES, LLC",1616207
579,123 ID INC,1177849
580,"123 LUMPSUM DELAWARE HOLDINGS, LLC",1575432
581,1230 N OCEAN LENDER LLC,1647859
582,1231 K STREET MEMBER LLC,1343620
583,1233 CORP,1083775
584,"12342RM620 INVESTMENTS, L.P.",1557166
585,1236 MEARNS COMMUNITIES LP,1593708
586,1236 MEARNS MANAGER LP,1593707
587,"1239 BAY AREA, LP",1642093
588,123SIGNUP ASSOCIATION MANAGEMENT SOLUTIONS INC,1166424
589,124 BIRCH LANE ASSOCIATES LLC,1305585
590,124 HUDSON STREET EQUITIES LLC,1361079
591,1240 CEDAR LLC,1483497
592,"1248 SOUTH VINEYARD STREET, LLC",1642880
593,"125 NORTH 18TH STREET, LLC",1536321
594,125 PALMER APARTMENTS,1696991
595,"125 W 44 RESTAURANT ASSOCIATES, LLC",1575133
596,"1250 CENTRAL AVE., LLC",1696936
597,"1250 HUNTERS COVE, LLC",1589707
598,"1251 CAPITAL GROUP, INC.",1680002
599,1255 23RD STREET TRUST,1540066
600,126-142 MORGAN STREET URBAN RENEWAL LLC,1573052
601,1260 AMSTERDAM REALTY LLC,1567595
602,1260 MARTIN LLC,1659452
603,1260 RED BUTTE LLC,1548157
604,12600 MULHOLLAND DR LLC,1609829
605,"12655 WEST JEFFERSON OWNER, LLC",1596513
606,1266715 ALBERTA INC,1424295
607,12697 INVESTCO LLC,1659170
608,127 MADISON PARTNERS LLC,1312986
609,12702 UNIVERSITY CLUB MEMBER LLC,1635833
610,1274152 ONTARIO INC,1079698
611,128 CAPITAL PARTNERS LP,1444760
612,"128 CC, LLC",1671194
613,128 MAIN STREET LLC,1691270
614,128 PARTNERS LLC,1606884
615,"128 TECHNOLOGY, INC.",1627997
616,"1281 STONE CANYON, LLC",1635597
617,"12811 CHAMPIONS VILLAGE APARTMENTS, LLC.",1586777
618,1290 BROADWAY LAND REIT LLC,1350304
619,1290 BROADWAY REIT LLC,1350307
620,1290 FUNDS TRUST,1605941
621,1290 FUNDS,1605941
622,12910 VILLA ESPADA PARTNERS LLC,1674009
623,1295728 ALBERTA ULC,1522415
624,12BRAIN INC,1307272
625,"12K, LLC",1386953
626,12TH & JOHN INVESTORS LLC,1668372
627,"12TH & MARION CROSSING, LLC",1447576
628,"12TH AVE. LENDERS, LLC",1693262
629,12TH FLOOR FILM FUND LLC,1356608
630,"12TH STREET ASSET MANAGEMENT COMPANY, LLC",1633703
631,12TH STREET ASSET MANAGEMENT LP,1449906
632,"12TH STREET FINANCIAL, LLC",1499836
633,12TH STREET MANAGER LLC,1679839
634,12TH STREET OPPORTUNITY LP,1449906
635,12VE DEGREES CORP,1496679
636,"12WELVE EYES BREWING, LLC",1695886
637,"13 ARCH/REBUKE, LLC",1637875
638,"13 AWESOME OF COURSE/LADY OF LONG AGO, LLC",1637467
639,"13 CAPE BLANCO/MATTIEANDMORGAN, LLC",1637321
640,"13 CITY ZIP/TIZADO, LLC",1640532
641,13 COINS ACQUISITION LLC,1352133
642,"13 COLONEL JOHN/MYSTERY BULLET, LLC",1640399
643,"13 COLONEL JOHN/REPEAT, LLC",1619726
644,"13 CONGRATS/DECEIT, LLC",1619734
645,"13 CONGRATS/NIGHT EDITION, LLC",1637629
646,"13 COURT VISION/DRY HEAT, LLC",1637298
647,"13 COURT VISION/SECRET OF MECCA, LLC",1635920
648,"13 CURLIN/GIANT CANAL, LLC",1616399
649,"13 DIXIE CHATTER/KELLYS PRINCESS, LLC",1645896
650,"13 EINSTEIN/CREME CATALAN, LLC",1635919
651,"13 ESKENDEREYA/SAMBORA, LLC",1640386
652,"13 FIRST DUDE/SIMMERETTE, LLC",1617530
653,"13 GIANT OAK/MAGIC SHAW, LLC",1640400
654,"13 GIO PONTI/STRIKES A CHORD, LLC",1667349
655,"13 ICE BOX/SWEET BRANDY, LLC",1614177
656,"13 INCLUDE/NANCY G., LLC",1637885
657,"13 LUCKY PULPIT-LASTING BEAUTY, LLC",1634996
658,"13 MAKFI/AURORE, LLC",1697768
659,"13 MINESHAFT/PLAID, LLC",1616400
660,13 NY LLC,1431469
661,"13 PADDY O'PRADO/CLASS CHOICE, LLC",1637295
662,"13 SMART STRIKE/FIRST PASSAGE, LLC",1619733
663,"13 STREET BOSS/SWEET SIERRA, LLC",1640616
664,"13 SUPER SAVER/MISS MARCIA, LLC",1637468
665,"13 TIZNOW/SUMPTUOUS, LLC",1619210
666,"13 TRAPPE SHOT/CALL DA LAW, LLC",1645897
667,130 CLINTON ST. PARTNERS LLC,1553141
668,"130 S. FRONT ST., L.P.",1614709
669,"130 SOUTH GREEN, LLC",1614849
670,1300554 ONTARIO LTD,1268967
671,"13011 WIRE RD, LP",1707414
672,1307 GLENWOOD LLC,1446020
673,"1308 N. ELSTON (CHICAGO) INVESTORS, LLC",1693150
674,1309 N. HOYNE ACQUISITION LLC,1620481
675,130W42 REALTY INC.,1648008
676,1311 WEST BROAD STREET LLC,1708916
677,1313366 ONTARIO INC,1566444
678,"1315 CAPITAL, L.P.",1637443
679,"1319 SOUTH CAPITOL INVESTORS, LLC",1652241
680,"1320 RESIDENCES, LLC",1618161
681,1321 MISSION SMARTSPACE LLC,1524592
682,1322975 ALBERTA LTD.,1687119
683,"1325 TENNIS DRIVE, LP",1617989
684,"1326 SOUTH MICHIGAN AVENUE (CHICAGO) HOLDINGS, LLC",1696080
685,1329507 ONTARIO INC,1285788
686,"133 GREENWICH HOTEL, LLC",1551438
687,"1337 STREET FUND (OFFSHORE), LP",1707128
688,"1337 STREET FUND, LP",1707130
689,134 BAY STREET LLC,1370008
690,"134 MEETING CMB, LLC",1623747
691,1340649 ONTARIO LTD,1230588
692,1346049 ONTARIO LTD,1230588
693,1347 CAPITAL CORP,1606163
694,1347 CAPITAL LLC,1612412
695,1347 INVESTORS LLC,1612411
696,"1347 PROPERTY INSURANCE HOLDINGS, INC.",1591890
697,"1349 HORIZON RIDGE, LP",1553225
698,135 WEST 30TH HOTEL PREFERRED INVESTORS LLC,1539737
699,"1350 HIGHLAND DRIVE, LLC",1683817
700,1354037 ONTARIO INC.,1323393
701,"136 EASTPORT ROAD, LLC",1476140
702,136 STATE STREET LLC,1428120
703,1366 TECHNOLOGIES INC,1423493
704,"1369904 ONTARIO, INC.",1603986
705,"137 AFFILIATES II, LP",1605169
706,"137 AFFILIATES III, LP",1655764
707,"137 AFFILIATES, LP",1555597
708,137 AVENUE C LLC,1611821
709,137 CAT ROCK ROAD ASSOCIATES LLC,1430826
710,"137 E. FRANKLIN, LP",1608654
711,"137 HOLDINGS AB, LLC",1616315
712,"137 HOLDINGS AC, LLC",1634381
713,"137 HOLDINGS C, LLC",1645870
714,"137 HOLDINGS CAPX, LLC",1605789
715,"137 HOLDINGS II, LLC",1550058
716,"137 HOLDINGS III, LLC",1563308
717,"137 HOLDINGS III, LP",1646335
718,"137 HOLDINGS IV, LLC",1585318
719,"137 HOLDINGS M, LLC",1646674
720,"137 HOLDINGS SOC, LLC",1663468
721,"137 HOLDINGS V, LLC",1600472
722,"137 HOLDINGS VI, LLC",1616317
723,"137 HOLDINGS VII, LLC",1616481
724,"137 VENTURES II, LP",1588377
725,"137 VENTURES III, LP",1646335
726,"137 VENTURES, LP",1522779
727,1370 BROADWAY REIT LLC,1570622
728,"1370 FUND - USRA NET LEASE II, LLC",1631363
729,1370 INVESTOR LLC,1177594
730,"13725 CAMBURY DRIVE, LP",1677646
731,138 SCRAP INC,1069921
732,1384 FIRST REALTY LLC,1567575
733,"139-06, 139-08 34TH ROAD, INC.",1690611
734,"139-09 34TH ROAD, INC.",1690610
735,"13922 CERISE AVENUE, LLC",1613415
736,13A COMMERCIAL MORTGAGE SECURITIES FUND INC,934588
737,13D MANAGEMENT LLC,1600133
738,13TH & CENTRAL LLC,1637469
739,"14 AMERICAN LION/ESCONCE, LLC",1651373
740,"14 ARCH/BUY THE BARREL, LLC",1668892
741,"14 ARCHARCHARCH/CATTY MATTY, LLC",1672820
742,"14 BELLAMY ROAD/ROCKFORD PEACH, LLC",1668530
743,"14 BERNARDINI/FIRST PASSAGE, LLC",1653890
744,"14 BODEMEISTER/ABOVE PERFECTION, LLC",1700860
745,"14 BODEMEISTER/SMARTY DEB, LLC",1670298
746,14 COMMERCE INC,1225646
747,"14 CONGRATS/INTENTIONAL FEVER, LLC",1690170
748,"14 DESERT PARTY/RUNAWAY TIGER, LLC",1676486
749,"14 ELUSIVE QUALITY/HOLY PRINCESS, LLC",1648381
750,"14 FIRST SAMURAI/GERENT, LLC",1669965
751,"14 FIRST SAMURAI/MARCS LARK, LLC",1651349
752,"14 FIRST SAMURAI/SCHOLASTIC, LLC",1672794
753,"14 GEMOLOGIST/NORTH LAKE JANE, LLC",1648296
754,"14 GEMOLOGIST/SHIMMERING TALE, LLC",1671443
755,"14 GHOSTZAPPER/WINTER FOREST, LLC",1671435
756,"14 GONE ASTRAY/SASSY HARPER, LLC",1669647
757,"14 HANSEN/AIRIZON, LLC",1651061
758,"14 INTO MISCHIEF/RISEN MISS, LLC",1668800
759,"14 JERSEY TOWN/SHY CONTESSA, LLC",1669967
760,"14 LOOKIN AT LUCKY/BRUSH THE RAIL, LLC",1669764
761,"14 PARK PLACE, LLC",1401969
762,"14 PUT IT BACK/TAPITSDONTLIE, LLC",1670101
763,"14 SMART STRIKE/IN THE SLIPS, LLC",1670392
764,"14 SOARING EMPIRE/D' COUNTRY, LLC",1672930
765,"14 SUPER SAVER/ARTA B TAPPIN, LLC",1671079
766,"14 SUPER SAVER/HARLAN SHOWGIRL, LLC",1653893
767,"14 SYDNEYS CANDY-MUSIC & MAGIC, LLC",1648992
768,"14 TIZWAY/BULLVILLE BELLE, LLC",1651025
769,14 WALNUT LLC,1689889
770,"14 WILBURN/MIDNIGHT DELIGHT, LLC",1669646
771,"14-22 KEEWAYDIN DRIVE, LLC",1587888
772,140 BW LLC,1316342
773,140 DEARBORN LLC,1679879
774,140 EAST HARTSDALE LLC,1593781
775,140.32 LLC,1610365
776,"1400 APT VENTURE, LLC",1694970
777,1400 EYE INVESTORS LLC,1192616
778,1400 HUDSON LLC,1626489
779,"1400 REIT, LLC",1536620
780,"1401 CALLOWAY, LLC",1692777
781,1401 HOLCOMB LLC,1659441
782,1401 K INVESTORS LLC,1444974
783,"1401 MORRISON, LP",1641642
784,"1401 REIT, LLC",1536621
785,"1405 SIDNEY BAKER, LLC",1670454
786,1407 W SHADY GROVE RD LLC,1670156
787,141 CAPITAL INC,1420081
788,"141 CAPITAL, INC.",1083384
789,"141 S. MERIDIAN, LP",1608599
790,141 TRADING GROUP LLC,1436770
791,1410 ABBOT KINNEY LLC,1381406
792,1410 PARTNERS LLC,1620673
793,14100 INVESTORS 2008 LLC,1435985
794,1411 BROADWAY REIT,1567518
795,1411 K HOLDINGS LLC,1245837
796,1411 MAIN STREET LLC,1316014
797,"1412 BROADWAY HOLDINGS, LLC",1508122
798,1414 EAST DANA LLC,1559599
799,1415 GLYNN LLC,1659008
800,1415 INVESTORS LLC,1207099
801,"14159 CAPITAL (GP), LLC",1317493
802,"14159 CAPITAL (GP, LLC",1317493
803,"14159, L.P.",1551138
804,"1418 ADAMS ST., LLC",1515848
805,141ST STREET INVESTMENT GROUP LLC,1443787
806,142 WEST 36TH STREET REIT INC,1630393
807,1420 EAST MADISON STREET LLC,1605119
808,1420525 ALBERTA LTD.,1448961
809,1421 RICHARDSON STREET LLC,1337595
810,1426835 ONTARIO INC,1253522
811,142ND STREET PANATTONI INC,1414197
812,"143-45 SANFORD AVENUE, INC.",1695726
813,1430 PETTYGROVE MANAGER LLC,1702170
814,"1438 WEST PEACHTREE PARTNERS, LLC",1677638
815,"144 MEDIA, LLC",1430303
816,144 WARREN LLC,1570376
817,1441163 ALBERTA LTD.,1474313
818,"1443 CHAPIN STREET, LP",1492395
819,"1447 11TH LP, A CALIFORNIA LIMITED PARTNERSHIP",1693156
820,1448 MCCARTER HIGHWAY LLC,1270297
821,"1448 NAPERVILLE-WHEATON AM, LLC",1591649
822,144A FUND LP,1432632
823,"144A OFFSHORE FUND, LTD.",1486736
824,145 AMERICAS LLC,1283474
825,145 PARTNERS LLC,1393735
826,1450 WASHINGTON LLC,1497065
827,1451 HUDSON LLC,1664937
828,"14555 SCOTTSDALE ROAD, LP",1668019
829,14575 INNOVATION DRIVE LIMITED PARTNERSHIP,1511887
830,"145TH 275, LLC",1696970
831,14649 SATICOY PARTNERS LP,1276970
832,"1466 ROCKCUT ROAD, LLC",1687567
833,1470 TELES LLC,1196157
834,1475 NORTH GRANITE REEF ROAD LLC,1223140
835,"1475 WASHINGTON AVENUE ASSOCIATES, LLC",1649298
836,1476448 ONTARIO,1555044
837,1488 - 32ND STREET LLC,1673296
838,"14896 E 38TH AVENUE, LLC",1630448
839,1492 ACQUISITION LLC,1559245
840,1492 CAPITAL MANAGEMENT LLC,1584087
841,1496965 ALBERTA LTD.,1551914
842,1499 MASSACHUSETTS AVENUE INC,1200913
843,"14TH & EUCLID, LLC",1683715
844,14WBELLA LLC,1562750
845,15 ANGELS LLC,1677269
846,"15 ANIMAL KINGDOM-GOLDEN MEAN, LLC",1699905
847,"15 ANIMAL KINGDOM/CIAO, LLC",1685121
848,"15 BROKEN VOW/GIVE MY REGARDS, LLC",1699870
849,"15 CITY ZIP/WALLINGFORD, LLC",1682904
850,"15 CREATIVE CAUSE/BARBY SUE, LLC",1702543
851,"15 DATA LINK/MALAYSIA, LLC",1705845
852,"15 ELUSIVE QUALITY/MY SPECIAL SECRET, LLC",1705687
853,"15 FIELD COMMISSION/IMPERIAL BLUE, LLC",1701133
854,"15 FRIESAN FIRE/DUCK THE PUNCH, LLC",1705324
855,"15 GEMOLOGIST/RED MENACE, LLC",1683130
856,"15 GHOSTZAPPER/PENSION, LLC",1685368
857,"15 GRAYDAR/VERONICAS LAKE, LLC",1701785
858,"15 JIMMY CREED/SLICED BREAD, LLC",1702802
859,"15 LEMON DROP KID/DOE, LLC",1685269
860,"15 MALIBU MOON/INDIAN BREEZE, LLC",1702675
861,"15 MONTGOMERY WAY, LLC",1688691
862,"15 MORNING LINE/ANGEL TRUMPET, LLC",1705129
863,"15 MORNING LINE/HOMECOMING DANCE, LLC",1707663
864,"15 MUNNINGS/BLISS, LLC",1701353
865,15 NOBLE CAUSEWAY/MOMMAS EYES LLC,1705319
866,"15 OVERANALYZE/HAPPY DESTINY, LLC",1701076
867,"15 PAYNTER/DIXIES HOPE, LLC",1705135
868,"15 PAYNTER/MORE OATS PLEASE, LLC",1707642
869,"15 QUALITY ROAD/R CHARLIES ANGEL, LLC",1701058
870,"15 SEA STREET, INC.",1489298
871,"15 SHANGHAI BOBBY/SEA LAUNCH, LLC",1685597
872,"15 STAY THIRSTY/WATRUGONNADOROSIE, LLC",1705591
873,"15 THE FACTOR/ALPHA TAMMY, LLC",1701512
874,"15 UNCLE MO/PATSYS KIM, LLC",1682903
875,150 BROADWAY LLC,1629571
876,"150 FAYETTEVILLE PARTNERS, LLC",1696854
877,150 MCCLELLAN HIGHWAY LLC,1276945
878,"150 OFFICE DEVELOPMENT, LLC",1479089
879,150 WFA LLC,1440841
880,1500 GARDEN ST. LLC,1335625
881,1500 REAGAN HILL LLC,1664496
882,1500 VENTURE LLC,1681330
883,1500 WEST ELIZABETH CORP,1295261
884,1501 FIRST AVENUE SOUTH LP,1437643
885,"1501-1515 REIT, LLC",1536612
886,"1503 HOLDINGS, L.P.",1462118
887,151 FRANKLIN STREET REIT LLC,1599132
888,151 PROPRIETORS LLC,1609724
889,"151 Q STREET REIT, LLC",1659210
890,151 VFW PARKWAY LLC,1669005
891,"151 W. ERIE, LLC",1708329
892,151 WILLIAM RELATY LLC,1430939
893,15135 MEMORIAL PROPERTIES L P,1261408
894,1514768 ALBERTA LTD.,1521356
895,1515 BROADWAY REALTY CORP,1211341
896,1515 LOCUST STREET LP,1293562
897,"1515 WEST STATE STREET BOISE, IDAHO, LLC",1312442
898,"1516-18 N. 15TH STREET, LP",1531208
899,1517 FUND I SIDECAR LP,1658654
900,"1517 FUND I, L.P.",1651759
901,152 LUDLOW LLC,1572146
902,1520 W 13TH AVENUE LLC,1349629
903,153 HEMINGWAY INVESTMENTS LLC,1331146
904,153 W ROSECRANS AVENUE STORAGE LLC,1679649
905,1531 UTAH AVENUE SOUTH LP,1415992
906,1538 WAZEE STREET LLC,1339334
907,1538764 ALBERTA LTD.,1495405
908,153RD ST INVESTORS LLC,1283124
909,"154 WEST AVIATION ENTERPRISES, INC.",1461248
910,"1540 - 1574 BOSTON ROAD PARTNERS, LLC",1649397
911,1547 CSR- CHICAGO LLC,1700837
912,155 EAST TROPICANA FINANCE CORP.,1326686
913,"155 EAST TROPICANA, LLC",1326688
914,155 PASSAIC TEI INVESTORS LLC,1591273
915,1551533 ONTARIO LTD,1268966
916,"1554 MARKET STREET FUND, LP",1703604
917,"156 PARTNERS, LLC",1566841
918,156 WILLIAM STREET REIT LLC,1596821
919,1567 MEDIA LLC,1495614
920,156775 CANADA INC.,1465778
921,157 HUDSON LLC,1277140
922,15700 SOUTH MCKINLEY AVENUE LLC,1210909
923,1575 TREMONT INVESTORS LLC,1418161
924,"158-159-161 STREET, LLC",1560045
925,"1585 STUDIOS, LP",1608674
926,"159 FUND, LLC",1602155
927,159 WEST 24TH STREET LLC,1366867
928,"15900 SPACE, LP",1669121
929,1595 PACIFIC AVENUE LIMITED PARTNERSHIP,1534330
930,1595 POST EQUITIES LLC,1416132
931,1597257 ONTARIO INC.,1517831
932,15TH STREET LOFTS LP,1290216
933,"15TH STREET PARTNERS, LLC",1630054
934,"16 LOTS BREWING COMPANY, LLC",1697058
935,"16 MILE SOLUTIONS, LLC",1466138
936,"16 PINS, INC.",1642006
937,16 POINTS LLC,1647385
938,160 EAST 22ND TERMINAL LLC,1678333
939,160 FEDERAL STREET REIT LLC,1675500
940,"160 SPEAR CORE, L.L.C.",1661918
941,160 TOLTEC LLC,1332261
942,1600 BARBERRY LANE LLC,1444709
943,1600 GREEN STREET L P,1300151
944,1600 PREFERRED LLC,1659316
945,16000 COMMON LLC,1600101
946,1600624 ONTARIO INC.,1399556
947,"1601 GARTH ROAD, LP",1601628
948,"1601 STATE STREET HOTEL INVESTORS, L.P.",1560920
949,"1601 W CAMELBACK RD, LLC",1647200
950,1601 WEST DIVISION LLC,1564409
951,1607 CAPITAL BOND FUND LP,1431317
952,1607 CAPITAL GLOBAL EQUITY FUND LP,1426152
953,"1607 CAPITAL GLOBAL EX US FUND, LP",1635197
954,1607 CAPITAL INTERNATIONAL EQUITY FUND LP,1426153
955,"1607 CAPITAL PARTNERS, LLC",1436866
956,1607 CAPITAL TAX ADVANTAGED FUND LP,1426154
957,1609 FUND LTD.,1661659
958,161 STREET & RIVER LLC,1187794
959,"1611 OAK CREEK LANE, LP",1623719
960,"1616 WEST DALLAS (HOUSTON) OWNER, LLC",1597652
961,"1620 HEWITT LENDERS, LLC",1654902
962,"1620 WORKWEAR, INC.",1687050
963,"1621 INVESTMENTS, LLC",1629780
964,1621-15 INVESTMENTS LLC,1662739
965,1623244 ALBERTA ULC,1545245
966,1626 NEW YORK ASSOCIATES LTD PARTNERSHIP,767411
967,"1628 B STREET, LLC",1639216
968,"1629 COLUMBIA ROAD (DC), LLC",1597666
969,163 ST. NICHOLAS ASSOCIATES LLC,1626476
970,"1630 COURT REALTY, LP",1562383
971,"1631 NW THURMAN STREET, LLC",1593931
972,1633 BAYSHORE ASSOCIATES LLC,1412279
973,"1646 33RD STREET, LLLP",1551908
974,"165 TOWNSHIP LINE, L.P.",1538837
975,"1650 NORTH PECOS ROAD, LLC",1609952
976,1650 SUNFLOWER LLC,1448119
977,1655 N FORT MYER LLC,1395725
978,1655 VALLEY APF LP,1514009
979,166 PRODUCTIONS LLC,1593918
980,"166 VALLEY STREET, LLC",1699134
981,"1660 UNIVERSITY, LLC",1589510
982,167TH STREET MAZAL LLC,1529868
983,"168 AMERICA RICH, L.P.",1630375
984,168 GROWTH FUND LP,1453223
985,"1699 CP PARTNERS, LLC",1696906
986,"16TH & CENTRAL, LLC",1687452
987,"17 DECATUR STREET PROPERTY, LLC",1631896
988,17 SPRING STREET ASSOCIATES LLC,1394018
989,17 TRENT DRIVE LLC,1304522
990,17 WEST MINING,1078454
991,17&1 ENTERPRISES,1646419
992,1700 N. WHIPPLE ACQUISITION LLC,1550343
993,1700 WEST 41ST STREET LLC,1709142
994,1700480 ONTARIO INC,1625247
995,"1700LACY, LLC",1619401
996,1701 DEXTER LLC,1570424
997,1701 PEARLIE LLC,1701795
998,"1701 PRODUCTIONS, INC.",1558916
999,"1701 REIT, LLC",1536614
